Workbook

Sheet Instructions
A1: Gaia translator — v3 eval review
A3: Reviewer name | B3: (your name)
A4: Primary discipline | B4: (your primary)
A5: Total QAs assigned | B5: 21
A6: Calibration round deadline | B6: (yyyy-mm-dd)
A7: Production scoring deadline | B7: (yyyy-mm-dd)
A10: How this sheet works
A12: Each row in the 'QAs' tab is one QA. Columns A-N describe the QA. Columns starting with 'S1...S8' are score inputs (1-5, leave blank if you can't judge).
A13: Blue text = your input. Type scores and comments here.
A14: Black text = formula (don't edit).
A15: Yellow cells = mandatory comment if score is ≤2 or ≥5.
A17: Eval set stats:
A18: Total QAs: 21
A19: By query type: {'integration': 5, 'vocabulary-disambiguation': 3, 'joint-observation': 2, 'paper-interpretation': 9, 'refusal-test': 2}
A20: By difficulty: {'3': 9, '2': 2, '4': 8, '5': 2}
A21: By discipline: {'seismology': 10, 'geotechnical_engineering': 6, 'hydrology': 8, 'geomorphology': 3, 'atmospheric_sciences': 2, 'ecology': 3, 'agricultural_sciences': 2, 'near_surface_geophysics': 3}
A22: By disc-span: {'2': 8, '1': 9, '3': 4}
A24: See eval_platform/templates/reviewer_instructions.docx for the full rubric and review process.

Sheet QAs
A1: QA_ID | B1: Status | C1: Disciplines | D1: Query type | E1: Difficulty | F1: Prompt | G1: Doc type | H1: Doc source | I1: Doc title | J1: Expected concept_matches | K1: Expected method_matches | L1: Expected phenomenon_matches | M1: Expected translation_matches | N1: Expected vocab collisions | O1: Expected refusals | P1: Expected response themes | Q1: Must not say | R1: S1 Tech accuracy | S1: S2 Citation discipline | T1: S3 Vocab precision | U1: S4 Cross-disc integration | V1: S5 Refusal correctness | W1: S6 Completeness | X1: S7 Presentation | Y1: S8 Overall usefulness | Z1: Mean score (auto) | AA1: Overall comment (REQUIRED) | AB1: Confidence (1-5) | AC1: Skill files to revise | AD1: Flag for discussion (Y/N) | AE1: Time to score (min) | AF1: Status (auto)
A2: QA-CAL-001 | B2: approved | C2: seismology, geotechnical_engineering | D2: integration | E2: 3 | F2: I just read Boulanger & Idriss (2014) on CPT and SPT liquefaction-triggering procedures. I'm a seismologist working on the Nisqually basin and I want to understand how this connects to my work on Vs30 and ambient-noise dv/v. What should I take away? | G2: none | J2: CC-geotech-CSR-CRR CC-seismo-Vs CC-geotech-G-Gmax | K2: MC-geotech-CPT MC-seismo-MASW MC-geotech-GMPE | L2: PD-liquefaction PD-site-response | M2: TC-10 TC-12 TC-02 | P2: • Explains that a_max from NGA-West2 (the user's GMPE work) feeds CSR directly. • Explains the Vs1 → CRR Andrus-Stokoe link in the upper 30 m, citing the depth-regime issue (TC-12). • Distinguishes coseismic dv/v (G/Gmax transient via TC-10) from pre-event triggering. • Proposes joint MASW + ambient-noise tomography + CPT-Vs as the cross-discipline next step. • Cites Boulanger & Idriss correctly without fabricating other references. | Q2: ✗ ambient-noise dv/v can replace CPT for liquefaction triggering ✗ linear-elastic site response captures G/Gmax reduction at strong ground motion | Z2: =IFERROR((IFERROR(VALUE(R2),0)+IFERROR(VALUE(S2),0)+IFERROR(VALUE(T2),0)+IFERROR(VALUE(U2),0)+IFERROR(VALUE(V2),0)+IFERROR(VALUE(W2),0)+IFERROR(VALUE(X2),0)+IFERROR(VALUE(Y2),0))/(IF(ISNUMBER(R2),1,0)+IF(ISNUMBER(S2),1,0)+IF(ISNUMBER(T2),1,0)+IF(ISNUMBER(U2),1,0)+IF(ISNUMBER(V2),1,0)+IF(ISNUMBER(W2),1,0)+IF(ISNUMBER(X2),1,0)+IF(ISNUMBER(Y2),1,0)),"") | AF2: =IF(AND((IF(ISNUMBER(R2)+ISTEXT(R2),1,0)+IF(ISNUMBER(S2)+ISTEXT(S2),1,0)+IF(ISNUMBER(T2)+ISTEXT(T2),1,0)+IF(ISNUMBER(U2)+ISTEXT(U2),1,0)+IF(ISNUMBER(V2)+ISTEXT(V2),1,0)+IF(ISNUMBER(W2)+ISTEXT(W2),1,0)+IF(ISNUMBER(X2)+ISTEXT(X2),1,0)+IF(ISNUMBER(Y2)+ISTEXT(Y2),1,0))>=4,IF(AA2<>"",1,0)=1),"COMPLETE",IF((IF(ISNUMBER(R2)+ISTEXT(R2),1,0)+IF(ISNUMBER(S2)+ISTEXT(S2),1,0)+IF(ISNUMBER(T2)+ISTEXT(T2),1,0)+IF(ISNUMBER(U2)+ISTEXT(U2),1,0)+IF(ISNUMBER(V2)+ISTEXT(V2),1,0)+IF(ISNUMBER(W2)+ISTEXT(W2),1,0)+IF(ISNUMBER(X2)+ISTEXT(X2),1,0)+IF(ISNUMBER(Y2)+ISTEXT(Y2),1,0))=0,"NOT STARTED","IN PROGRESS")) -> NOT STARTED
A3: QA-CAL-002 | B3: approved | C3: seismology, hydrology | D3: vocabulary-disambiguation | E3: 2 | F3: Can seismic attenuation Q tell me about streamflow Q in a watershed? They have the same symbol, so there should be some kind of relation I can exploit. What papers explore this? | G3: none | J3: CC-seismo-Q CC-hydro-Q | M3: TC-03 | N3: Q | O3: vocabulary-collision, fabrication-prevention | P3: • Refuses to assert a physical relation between seismic Q and streamflow Q. • Defines each Q distinctly with units (dimensionless vs. m³/s). • Refuses to fabricate citations to support a non-existent relation. • Offers a constructive alternative: TC-03 (dv/v as a real hydrology bridge through poroelasticity). | Q3: ✗ the Q-Q theorem ✗ Smith et al. 2019 Journal of Hydrological Geophysics ✗ wetter sediments have higher attenuation, so streamflow Q correlates with seismic Q | Z3: =IFERROR((IFERROR(VALUE(R3),0)+IFERROR(VALUE(S3),0)+IFERROR(VALUE(T3),0)+IFERROR(VALUE(U3),0)+IFERROR(VALUE(V3),0)+IFERROR(VALUE(W3),0)+IFERROR(VALUE(X3),0)+IFERROR(VALUE(Y3),0))/(IF(ISNUMBER(R3),1,0)+IF(ISNUMBER(S3),1,0)+IF(ISNUMBER(T3),1,0)+IF(ISNUMBER(U3),1,0)+IF(ISNUMBER(V3),1,0)+IF(ISNUMBER(W3),1,0)+IF(ISNUMBER(X3),1,0)+IF(ISNUMBER(Y3),1,0)),"") | AF3: =IF(AND((IF(ISNUMBER(R3)+ISTEXT(R3),1,0)+IF(ISNUMBER(S3)+ISTEXT(S3),1,0)+IF(ISNUMBER(T3)+ISTEXT(T3),1,0)+IF(ISNUMBER(U3)+ISTEXT(U3),1,0)+IF(ISNUMBER(V3)+ISTEXT(V3),1,0)+IF(ISNUMBER(W3)+ISTEXT(W3),1,0)+IF(ISNUMBER(X3)+ISTEXT(X3),1,0)+IF(ISNUMBER(Y3)+ISTEXT(Y3),1,0))>=4,IF(AA3<>"",1,0)=1),"COMPLETE",IF((IF(ISNUMBER(R3)+ISTEXT(R3),1,0)+IF(ISNUMBER(S3)+ISTEXT(S3),1,0)+IF(ISNUMBER(T3)+ISTEXT(T3),1,0)+IF(ISNUMBER(U3)+ISTEXT(U3),1,0)+IF(ISNUMBER(V3)+ISTEXT(V3),1,0)+IF(ISNUMBER(W3)+ISTEXT(W3),1,0)+IF(ISNUMBER(X3)+ISTEXT(X3),1,0)+IF(ISNUMBER(Y3)+ISTEXT(Y3),1,0))=0,"NOT STARTED","IN PROGRESS")) -> NOT STARTED
A4: QA-CAL-003 | B4: approved | C4: seismology, hydrology | D4: joint-observation | E4: 4 | F4: Can I replace groundwater-monitoring well networks in California with ambient seismic noise dv/v? I'm building a proposal to deploy dense seismic arrays in the Central Valley and I want to claim dv/v as a hydrology product. | G4: none | J4: CC-seismo-dvv CC-hydro-h CC-hydro-S | K4: MC-seismo-ambient-noise MC-hydro-NWIS | L4: PD-aquifer-depletion | M4: TC-03 | O4: different-regime | P4: • Hedges 'replace' to 'complement' — dv/v cannot fully replace wells at Central Valley scale. • Calibration is site-specific: dv/v → hydrologic state requires local petrophysics. • Thermoelastic and source-distribution effects must be separated (Hillers et al. 2015). • Vertical resolution is coarse: dv/v at 0.5–5 Hz integrates over tens of meters. • Concrete recommendation: dense seismic deployment + a strategically retained well subset. | Q4: ✗ dv/v can fully replace groundwater monitoring wells | Z4: =IFERROR((IFERROR(VALUE(R4),0)+IFERROR(VALUE(S4),0)+IFERROR(VALUE(T4),0)+IFERROR(VALUE(U4),0)+IFERROR(VALUE(V4),0)+IFERROR(VALUE(W4),0)+IFERROR(VALUE(X4),0)+IFERROR(VALUE(Y4),0))/(IF(ISNUMBER(R4),1,0)+IF(ISNUMBER(S4),1,0)+IF(ISNUMBER(T4),1,0)+IF(ISNUMBER(U4),1,0)+IF(ISNUMBER(V4),1,0)+IF(ISNUMBER(W4),1,0)+IF(ISNUMBER(X4),1,0)+IF(ISNUMBER(Y4),1,0)),"") | AF4: =IF(AND((IF(ISNUMBER(R4)+ISTEXT(R4),1,0)+IF(ISNUMBER(S4)+ISTEXT(S4),1,0)+IF(ISNUMBER(T4)+ISTEXT(T4),1,0)+IF(ISNUMBER(U4)+ISTEXT(U4),1,0)+IF(ISNUMBER(V4)+ISTEXT(V4),1,0)+IF(ISNUMBER(W4)+ISTEXT(W4),1,0)+IF(ISNUMBER(X4)+ISTEXT(X4),1,0)+IF(ISNUMBER(Y4)+ISTEXT(Y4),1,0))>=4,IF(AA4<>"",1,0)=1),"COMPLETE",IF((IF(ISNUMBER(R4)+ISTEXT(R4),1,0)+IF(ISNUMBER(S4)+ISTEXT(S4),1,0)+IF(ISNUMBER(T4)+ISTEXT(T4),1,0)+IF(ISNUMBER(U4)+ISTEXT(U4),1,0)+IF(ISNUMBER(V4)+ISTEXT(V4),1,0)+IF(ISNUMBER(W4)+ISTEXT(W4),1,0)+IF(ISNUMBER(X4)+ISTEXT(X4),1,0)+IF(ISNUMBER(Y4)+ISTEXT(Y4),1,0))=0,"NOT STARTED","IN PROGRESS")) -> NOT STARTED
A5: QA-EVAL-001 | B5: draft | C5: hydrology | D5: paper-interpretation | E5: 3 | F5: I just read Famiglietti (2014) 'The global groundwater crisis' in Nature Climate Change. I'm an atmospheric-sciences PhD candidate. What's the essential physics and what should I take away for my own work on climate projections? | G5: none | I5: Famiglietti 2014 (cited but not attached) | J5: CC-hydro-S CC-hydro-recharge CC-hydro-h | K5: MC-hydro-GRACE MC-hydro-NWIS | L5: PD-aquifer-depletion PD-drought | M5: TC-06 TC-18 | P5: • Explains storage anomaly (S × Δh) as the core observable from GRACE. • Distinguishes inelastic storage loss (permanent) from elastic Sₛ. • Connects to atmospheric forcing: precipitation deficits + irrigation demand both modify storage. • Implications for climate projections: groundwater contribution to sea-level rise (Konikow 2011). • Cites Famiglietti and Konikow without fabricating other references. | Z5: =IFERROR((IFERROR(VALUE(R5),0)+IFERROR(VALUE(S5),0)+IFERROR(VALUE(T5),0)+IFERROR(VALUE(U5),0)+IFERROR(VALUE(V5),0)+IFERROR(VALUE(W5),0)+IFERROR(VALUE(X5),0)+IFERROR(VALUE(Y5),0))/(IF(ISNUMBER(R5),1,0)+IF(ISNUMBER(S5),1,0)+IF(ISNUMBER(T5),1,0)+IF(ISNUMBER(U5),1,0)+IF(ISNUMBER(V5),1,0)+IF(ISNUMBER(W5),1,0)+IF(ISNUMBER(X5),1,0)+IF(ISNUMBER(Y5),1,0)),"") | AF5: =IF(AND((IF(ISNUMBER(R5)+ISTEXT(R5),1,0)+IF(ISNUMBER(S5)+ISTEXT(S5),1,0)+IF(ISNUMBER(T5)+ISTEXT(T5),1,0)+IF(ISNUMBER(U5)+ISTEXT(U5),1,0)+IF(ISNUMBER(V5)+ISTEXT(V5),1,0)+IF(ISNUMBER(W5)+ISTEXT(W5),1,0)+IF(ISNUMBER(X5)+ISTEXT(X5),1,0)+IF(ISNUMBER(Y5)+ISTEXT(Y5),1,0))>=4,IF(AA5<>"",1,0)=1),"COMPLETE",IF((IF(ISNUMBER(R5)+ISTEXT(R5),1,0)+IF(ISNUMBER(S5)+ISTEXT(S5),1,0)+IF(ISNUMBER(T5)+ISTEXT(T5),1,0)+IF(ISNUMBER(U5)+ISTEXT(U5),1,0)+IF(ISNUMBER(V5)+ISTEXT(V5),1,0)+IF(ISNUMBER(W5)+ISTEXT(W5),1,0)+IF(ISNUMBER(X5)+ISTEXT(X5),1,0)+IF(ISNUMBER(Y5)+ISTEXT(Y5),1,0))=0,"NOT STARTED","IN PROGRESS")) -> NOT STARTED
A6: QA-EVAL-002 | B6: draft | C6: seismology | D6: paper-interpretation | E6: 3 | F6: I'm an ecologist who just read Brenguier et al. (2008) 'Postseismic relaxation along the San Andreas fault at Parkfield from continuous seismological observations' in Science. I don't know seismology — what's the essential physics, and is there anything in this paper relevant to ambient-acoustic monitoring in ecology? | G6: none | I6: Brenguier et al. 2008 (cited but not attached) | J6: CC-seismo-dvv CC-seismo-noise | K6: MC-seismo-ambient-noise | M6: TC-03 | N6: noise | P6: • Explains dv/v as fractional velocity change from coda-wave interferometry. • Distinguishes 'ambient noise' in seismology (the signal!) from acoustic ambient in ecology (vocabulary collision). • Notes the postseismic-relaxation timescale (months) is a seismology observable, not directly ecological. • Honestly states: minimal direct relevance to ecology bioacoustics; shared signal-processing techniques exist. • Suggests TC-03 if ecologist is interested in the hydrology-seismology bridge. | Q6: ✗ seismic dv/v is the same as bioacoustic ambient monitoring | Z6: =IFERROR((IFERROR(VALUE(R6),0)+IFERROR(VALUE(S6),0)+IFERROR(VALUE(T6),0)+IFERROR(VALUE(U6),0)+IFERROR(VALUE(V6),0)+IFERROR(VALUE(W6),0)+IFERROR(VALUE(X6),0)+IFERROR(VALUE(Y6),0))/(IF(ISNUMBER(R6),1,0)+IF(ISNUMBER(S6),1,0)+IF(ISNUMBER(T6),1,0)+IF(ISNUMBER(U6),1,0)+IF(ISNUMBER(V6),1,0)+IF(ISNUMBER(W6),1,0)+IF(ISNUMBER(X6),1,0)+IF(ISNUMBER(Y6),1,0)),"") | AF6: =IF(AND((IF(ISNUMBER(R6)+ISTEXT(R6),1,0)+IF(ISNUMBER(S6)+ISTEXT(S6),1,0)+IF(ISNUMBER(T6)+ISTEXT(T6),1,0)+IF(ISNUMBER(U6)+ISTEXT(U6),1,0)+IF(ISNUMBER(V6)+ISTEXT(V6),1,0)+IF(ISNUMBER(W6)+ISTEXT(W6),1,0)+IF(ISNUMBER(X6)+ISTEXT(X6),1,0)+IF(ISNUMBER(Y6)+ISTEXT(Y6),1,0))>=4,IF(AA6<>"",1,0)=1),"COMPLETE",IF((IF(ISNUMBER(R6)+ISTEXT(R6),1,0)+IF(ISNUMBER(S6)+ISTEXT(S6),1,0)+IF(ISNUMBER(T6)+ISTEXT(T6),1,0)+IF(ISNUMBER(U6)+ISTEXT(U6),1,0)+IF(ISNUMBER(V6)+ISTEXT(V6),1,0)+IF(ISNUMBER(W6)+ISTEXT(W6),1,0)+IF(ISNUMBER(X6)+ISTEXT(X6),1,0)+IF(ISNUMBER(Y6)+ISTEXT(Y6),1,0))=0,"NOT STARTED","IN PROGRESS")) -> NOT STARTED
A7: QA-EVAL-003 | B7: draft | C7: geotechnical_engineering | D7: paper-interpretation | E7: 3 | F7: I'm a geomorphologist who studies landslides. I just read Iverson (2000) 'Landslide triggering by rain infiltration' WRR. The hydrology and the geomechanics blur together. Can you separate them for me — what's the geotech engineering content vs. the hydrology content? | G7: none | I7: Iverson 2000 WRR (cited) | J7: CC-geotech-MohrCoulomb CC-geotech-PorePressure CC-geotech-FS CC-hydro-p | L7: PD-AR-landslide | M7: TC-02 TC-11 | P7: • Geotech content: Mohr-Coulomb failure criterion and transient FS calculation. • Hydrology content: pore-pressure diffusion through the unsaturated zone. • The bridge: TC-02 effective stress; pore pressure modifies σ' and FS. • Geomorphic application: TC-11 — same equation, natural-hillslope boundary conditions. • Cites Iverson 2000 specifically without fabricating others. | Z7: =IFERROR((IFERROR(VALUE(R7),0)+IFERROR(VALUE(S7),0)+IFERROR(VALUE(T7),0)+IFERROR(VALUE(U7),0)+IFERROR(VALUE(V7),0)+IFERROR(VALUE(W7),0)+IFERROR(VALUE(X7),0)+IFERROR(VALUE(Y7),0))/(IF(ISNUMBER(R7),1,0)+IF(ISNUMBER(S7),1,0)+IF(ISNUMBER(T7),1,0)+IF(ISNUMBER(U7),1,0)+IF(ISNUMBER(V7),1,0)+IF(ISNUMBER(W7),1,0)+IF(ISNUMBER(X7),1,0)+IF(ISNUMBER(Y7),1,0)),"") | AF7: =IF(AND((IF(ISNUMBER(R7)+ISTEXT(R7),1,0)+IF(ISNUMBER(S7)+ISTEXT(S7),1,0)+IF(ISNUMBER(T7)+ISTEXT(T7),1,0)+IF(ISNUMBER(U7)+ISTEXT(U7),1,0)+IF(ISNUMBER(V7)+ISTEXT(V7),1,0)+IF(ISNUMBER(W7)+ISTEXT(W7),1,0)+IF(ISNUMBER(X7)+ISTEXT(X7),1,0)+IF(ISNUMBER(Y7)+ISTEXT(Y7),1,0))>=4,IF(AA7<>"",1,0)=1),"COMPLETE",IF((IF(ISNUMBER(R7)+ISTEXT(R7),1,0)+IF(ISNUMBER(S7)+ISTEXT(S7),1,0)+IF(ISNUMBER(T7)+ISTEXT(T7),1,0)+IF(ISNUMBER(U7)+ISTEXT(U7),1,0)+IF(ISNUMBER(V7)+ISTEXT(V7),1,0)+IF(ISNUMBER(W7)+ISTEXT(W7),1,0)+IF(ISNUMBER(X7)+ISTEXT(X7),1,0)+IF(ISNUMBER(Y7)+ISTEXT(Y7),1,0))=0,"NOT STARTED","IN PROGRESS")) -> NOT STARTED
A8: QA-EVAL-004 | B8: draft | C8: geomorphology | D8: paper-interpretation | E8: 4 | F8: I'm a hydrologist reading Roering et al. (1999) 'Evidence for nonlinear, diffusive sediment transport on hillslopes' WRR. The math looks like the diffusion equations I use, but the rates are very different. Help me make the bridge. | G8: none | I8: Roering et al. 1999 WRR (cited) | J8: CC-geomorph-D CC-hydro-D CC-geomorph-erosion-rate | M8: TC-01 | N8: diffusivity | P8: • TC-01 is the bridge: the same diffusion equation governs both. • Hydraulic D (m²/s) vs. hillslope κ (m²/yr) — ~10¹⁰× scale difference. • Linear form breaks at slope angle near angle of repose (Roering nonlinear). • Cosmogenic isotope work anchors the long-term erosion rate (timescale 10³–10⁵ yr). • Honestly states: the equation is the same; the substrate physics and timescales are different. | Q8: ✗ hydraulic and hillslope diffusion have the same diffusivity | Z8: =IFERROR((IFERROR(VALUE(R8),0)+IFERROR(VALUE(S8),0)+IFERROR(VALUE(T8),0)+IFERROR(VALUE(U8),0)+IFERROR(VALUE(V8),0)+IFERROR(VALUE(W8),0)+IFERROR(VALUE(X8),0)+IFERROR(VALUE(Y8),0))/(IF(ISNUMBER(R8),1,0)+IF(ISNUMBER(S8),1,0)+IF(ISNUMBER(T8),1,0)+IF(ISNUMBER(U8),1,0)+IF(ISNUMBER(V8),1,0)+IF(ISNUMBER(W8),1,0)+IF(ISNUMBER(X8),1,0)+IF(ISNUMBER(Y8),1,0)),"") | AF8: =IF(AND((IF(ISNUMBER(R8)+ISTEXT(R8),1,0)+IF(ISNUMBER(S8)+ISTEXT(S8),1,0)+IF(ISNUMBER(T8)+ISTEXT(T8),1,0)+IF(ISNUMBER(U8)+ISTEXT(U8),1,0)+IF(ISNUMBER(V8)+ISTEXT(V8),1,0)+IF(ISNUMBER(W8)+ISTEXT(W8),1,0)+IF(ISNUMBER(X8)+ISTEXT(X8),1,0)+IF(ISNUMBER(Y8)+ISTEXT(Y8),1,0))>=4,IF(AA8<>"",1,0)=1),"COMPLETE",IF((IF(ISNUMBER(R8)+ISTEXT(R8),1,0)+IF(ISNUMBER(S8)+ISTEXT(S8),1,0)+IF(ISNUMBER(T8)+ISTEXT(T8),1,0)+IF(ISNUMBER(U8)+ISTEXT(U8),1,0)+IF(ISNUMBER(V8)+ISTEXT(V8),1,0)+IF(ISNUMBER(W8)+ISTEXT(W8),1,0)+IF(ISNUMBER(X8)+ISTEXT(X8),1,0)+IF(ISNUMBER(Y8)+ISTEXT(Y8),1,0))=0,"NOT STARTED","IN PROGRESS")) -> NOT STARTED
A9: QA-EVAL-005 | B9: draft | C9: atmospheric_sciences | D9: paper-interpretation | E9: 3 | F9: I'm a geotechnical engineer who just read Ralph et al. (2019) on the AR Scale. What are the key atmospheric variables, and which of them matter for dam and levee safety? | G9: none | I9: Ralph et al. 2019 BAMS | J9: CC-atm-IVT CC-atm-precip CC-atm-q | K9: MC-atm-GPM MC-atm-ERA5 | L9: PD-atmospheric-river PD-dam-levee-safety | M9: TC-15 | P9: • Defines IVT (kg/m/s) as the AR-Scale categorization variable. • AR-Scale 1–5 by peak IVT + duration; AR-5 events are the design-storm regime. • Geotech relevance: AR precipitation drives embankment pore-pressure rise. • Climate-change intensification (TC-15) means historical PMP / PMF need revisiting. • Cites Ralph et al. 2019 correctly. | Z9: =IFERROR((IFERROR(VALUE(R9),0)+IFERROR(VALUE(S9),0)+IFERROR(VALUE(T9),0)+IFERROR(VALUE(U9),0)+IFERROR(VALUE(V9),0)+IFERROR(VALUE(W9),0)+IFERROR(VALUE(X9),0)+IFERROR(VALUE(Y9),0))/(IF(ISNUMBER(R9),1,0)+IF(ISNUMBER(S9),1,0)+IF(ISNUMBER(T9),1,0)+IF(ISNUMBER(U9),1,0)+IF(ISNUMBER(V9),1,0)+IF(ISNUMBER(W9),1,0)+IF(ISNUMBER(X9),1,0)+IF(ISNUMBER(Y9),1,0)),"") | AF9: =IF(AND((IF(ISNUMBER(R9)+ISTEXT(R9),1,0)+IF(ISNUMBER(S9)+ISTEXT(S9),1,0)+IF(ISNUMBER(T9)+ISTEXT(T9),1,0)+IF(ISNUMBER(U9)+ISTEXT(U9),1,0)+IF(ISNUMBER(V9)+ISTEXT(V9),1,0)+IF(ISNUMBER(W9)+ISTEXT(W9),1,0)+IF(ISNUMBER(X9)+ISTEXT(X9),1,0)+IF(ISNUMBER(Y9)+ISTEXT(Y9),1,0))>=4,IF(AA9<>"",1,0)=1),"COMPLETE",IF((IF(ISNUMBER(R9)+ISTEXT(R9),1,0)+IF(ISNUMBER(S9)+ISTEXT(S9),1,0)+IF(ISNUMBER(T9)+ISTEXT(T9),1,0)+IF(ISNUMBER(U9)+ISTEXT(U9),1,0)+IF(ISNUMBER(V9)+ISTEXT(V9),1,0)+IF(ISNUMBER(W9)+ISTEXT(W9),1,0)+IF(ISNUMBER(X9)+ISTEXT(X9),1,0)+IF(ISNUMBER(Y9)+ISTEXT(Y9),1,0))=0,"NOT STARTED","IN PROGRESS")) -> NOT STARTED
A10: QA-EVAL-006 | B10: draft | C10: ecology | D10: paper-interpretation | E10: 4 | F10: I'm a hydrologist who just read Allen et al. (2010) on global drought-induced tree mortality (Forest Ecology and Management). The mechanisms section talks about hydraulic failure and carbon starvation. How does that connect to my soil-moisture and ET observations? | G10: none | I10: Allen et al. 2010 | J10: CC-eco-GPP CC-hydro-ET CC-atm-q | K10: MC-eco-eddycov MC-hydro-SMAP | L10: PD-forest-mortality PD-flash-drought | M10: TC-16 | P10: • Hydraulic failure: xylem cavitation under sustained low water potential — connects to SMAP root-zone moisture observations. • Carbon starvation: stomatal closure terminates photosynthesis; eddy covariance shows GPP collapse. • TC-16 is the bridge: ET and GPP share stomatal conductance at the leaf. • Soil-moisture observations are the leading indicator if you have the right depth resolution. • Concrete suggestion: pair MC-hydro-SMAP with FLUXNET towers in your study basin. | Z10: =IFERROR((IFERROR(VALUE(R10),0)+IFERROR(VALUE(S10),0)+IFERROR(VALUE(T10),0)+IFERROR(VALUE(U10),0)+IFERROR(VALUE(V10),0)+IFERROR(VALUE(W10),0)+IFERROR(VALUE(X10),0)+IFERROR(VALUE(Y10),0))/(IF(ISNUMBER(R10),1,0)+IF(ISNUMBER(S10),1,0)+IF(ISNUMBER(T10),1,0)+IF(ISNUMBER(U10),1,0)+IF(ISNUMBER(V10),1,0)+IF(ISNUMBER(W10),1,0)+IF(ISNUMBER(X10),1,0)+IF(ISNUMBER(Y10),1,0)),"") | AF10: =IF(AND((IF(ISNUMBER(R10)+ISTEXT(R10),1,0)+IF(ISNUMBER(S10)+ISTEXT(S10),1,0)+IF(ISNUMBER(T10)+ISTEXT(T10),1,0)+IF(ISNUMBER(U10)+ISTEXT(U10),1,0)+IF(ISNUMBER(V10)+ISTEXT(V10),1,0)+IF(ISNUMBER(W10)+ISTEXT(W10),1,0)+IF(ISNUMBER(X10)+ISTEXT(X10),1,0)+IF(ISNUMBER(Y10)+ISTEXT(Y10),1,0))>=4,IF(AA10<>"",1,0)=1),"COMPLETE",IF((IF(ISNUMBER(R10)+ISTEXT(R10),1,0)+IF(ISNUMBER(S10)+ISTEXT(S10),1,0)+IF(ISNUMBER(T10)+ISTEXT(T10),1,0)+IF(ISNUMBER(U10)+ISTEXT(U10),1,0)+IF(ISNUMBER(V10)+ISTEXT(V10),1,0)+IF(ISNUMBER(W10)+ISTEXT(W10),1,0)+IF(ISNUMBER(X10)+ISTEXT(X10),1,0)+IF(ISNUMBER(Y10)+ISTEXT(Y10),1,0))=0,"NOT STARTED","IN PROGRESS")) -> NOT STARTED
A11: QA-EVAL-007 | B11: draft | C11: agricultural_sciences | D11: paper-interpretation | E11: 3 | F11: I'm a seismologist who reads about California seasonal-seismicity studies (Johnson et al. 2017 in Science). I want to understand the agricultural side: how big is the irrigation withdrawal that's loading the crust, and where does that water come from? | G11: none | I11: Johnson et al. 2017 | J11: CC-ag-irrigation-demand CC-hydro-recharge | K11: MC-hydro-GRACE MC-ag-NASS-CDL | L11: PD-aquifer-depletion PD-subsidence-consolidation | M11: TC-18 | P11: • California Central Valley irrigation: ~10–20 km³/yr pumping, exceeds recharge in dry years. • Source: groundwater + surface (State Water Project + Central Valley Project). • Loading mechanism: aquifer mass change directly modulates surface elastic load. • Johnson et al. 2017 documents seasonal seismicity correlating with seasonal storage cycle. • Cites Faunt 2016 for the consolidation/subsidence side. | Z11: =IFERROR((IFERROR(VALUE(R11),0)+IFERROR(VALUE(S11),0)+IFERROR(VALUE(T11),0)+IFERROR(VALUE(U11),0)+IFERROR(VALUE(V11),0)+IFERROR(VALUE(W11),0)+IFERROR(VALUE(X11),0)+IFERROR(VALUE(Y11),0))/(IF(ISNUMBER(R11),1,0)+IF(ISNUMBER(S11),1,0)+IF(ISNUMBER(T11),1,0)+IF(ISNUMBER(U11),1,0)+IF(ISNUMBER(V11),1,0)+IF(ISNUMBER(W11),1,0)+IF(ISNUMBER(X11),1,0)+IF(ISNUMBER(Y11),1,0)),"") | AF11: =IF(AND((IF(ISNUMBER(R11)+ISTEXT(R11),1,0)+IF(ISNUMBER(S11)+ISTEXT(S11),1,0)+IF(ISNUMBER(T11)+ISTEXT(T11),1,0)+IF(ISNUMBER(U11)+ISTEXT(U11),1,0)+IF(ISNUMBER(V11)+ISTEXT(V11),1,0)+IF(ISNUMBER(W11)+ISTEXT(W11),1,0)+IF(ISNUMBER(X11)+ISTEXT(X11),1,0)+IF(ISNUMBER(Y11)+ISTEXT(Y11),1,0))>=4,IF(AA11<>"",1,0)=1),"COMPLETE",IF((IF(ISNUMBER(R11)+ISTEXT(R11),1,0)+IF(ISNUMBER(S11)+ISTEXT(S11),1,0)+IF(ISNUMBER(T11)+ISTEXT(T11),1,0)+IF(ISNUMBER(U11)+ISTEXT(U11),1,0)+IF(ISNUMBER(V11)+ISTEXT(V11),1,0)+IF(ISNUMBER(W11)+ISTEXT(W11),1,0)+IF(ISNUMBER(X11)+ISTEXT(X11),1,0)+IF(ISNUMBER(Y11)+ISTEXT(Y11),1,0))=0,"NOT STARTED","IN PROGRESS")) -> NOT STARTED
A12: QA-EVAL-008 | B12: draft | C12: near_surface_geophysics | D12: paper-interpretation | E12: 4 | F12: I'm a hydrology researcher reading Minsley et al. (2021) on the USGS Mississippi Embayment AEM survey (Scientific Reports). The geophysics methods are unfamiliar. How do I read a σ map as a hydrologist? | G12: none | I12: Minsley et al. 2021 | J12: CC-nsg-resistivity CC-nsg-EM-conductivity CC-hydro-K | K12: MC-nsg-AEM MC-nsg-ERT | L12: PD-aquifer-architecture | M12: TC-08 | P12: • Archie's law is the petrophysical bridge: σ depends on porosity, saturation, fluid conductivity. • Low σ in saline aquifers vs. high σ in clay-bearing aquitards — the architecture distinction. • AEM resolves 100–400 m depth at 50–200 m line spacing — regional scale. • Near-surface (<10 m) resolution is poor; complement with ground ERT or wells. • Honest caveat: σ → K conversion requires petrophysical calibration with local well data. | Z12: =IFERROR((IFERROR(VALUE(R12),0)+IFERROR(VALUE(S12),0)+IFERROR(VALUE(T12),0)+IFERROR(VALUE(U12),0)+IFERROR(VALUE(V12),0)+IFERROR(VALUE(W12),0)+IFERROR(VALUE(X12),0)+IFERROR(VALUE(Y12),0))/(IF(ISNUMBER(R12),1,0)+IF(ISNUMBER(S12),1,0)+IF(ISNUMBER(T12),1,0)+IF(ISNUMBER(U12),1,0)+IF(ISNUMBER(V12),1,0)+IF(ISNUMBER(W12),1,0)+IF(ISNUMBER(X12),1,0)+IF(ISNUMBER(Y12),1,0)),"") | AF12: =IF(AND((IF(ISNUMBER(R12)+ISTEXT(R12),1,0)+IF(ISNUMBER(S12)+ISTEXT(S12),1,0)+IF(ISNUMBER(T12)+ISTEXT(T12),1,0)+IF(ISNUMBER(U12)+ISTEXT(U12),1,0)+IF(ISNUMBER(V12)+ISTEXT(V12),1,0)+IF(ISNUMBER(W12)+ISTEXT(W12),1,0)+IF(ISNUMBER(X12)+ISTEXT(X12),1,0)+IF(ISNUMBER(Y12)+ISTEXT(Y12),1,0))>=4,IF(AA12<>"",1,0)=1),"COMPLETE",IF((IF(ISNUMBER(R12)+ISTEXT(R12),1,0)+IF(ISNUMBER(S12)+ISTEXT(S12),1,0)+IF(ISNUMBER(T12)+ISTEXT(T12),1,0)+IF(ISNUMBER(U12)+ISTEXT(U12),1,0)+IF(ISNUMBER(V12)+ISTEXT(V12),1,0)+IF(ISNUMBER(W12)+ISTEXT(W12),1,0)+IF(ISNUMBER(X12)+ISTEXT(X12),1,0)+IF(ISNUMBER(Y12)+ISTEXT(Y12),1,0))=0,"NOT STARTED","IN PROGRESS")) -> NOT STARTED
A13: QA-EVAL-009 | B13: draft | C13: geomorphology | D13: paper-interpretation | E13: 5 | F13: I'm an atmospheric scientist working on AR climatology. I just read Burtin et al. (2008) JGR on seismic noise from bedload transport. Walk me through the physics — what does this tell me about coupling between ARs, river discharge, and bedload? | G13: none | I13: Burtin et al. 2008 | J13: CC-seismo-noise CC-geomorph-Qs CC-geomorph-streampower CC-hydro-Q | K13: MC-seismo-broadband MC-geomorph-sediment-monitoring | L13: PD-river-floods PD-atmospheric-river | M13: TC-14 TC-15 | P13: • Bedload transport produces broadband seismic noise (1–100 Hz) as grains impact bed. • TC-14 is the bridge: passive seismic monitoring of bedload — continuous, non-intrusive. • AR connection: AR-driven storms → high Q → high bedload → high seismic noise. The same atmospheric forcing modulates all three. • TC-15 (Clausius-Clapeyron) intensification means more bedload-driven seismic signal in a warming climate. • Suggests joint AR-precipitation + streamflow + seismic-noise time series at instrumented basins. | Z13: =IFERROR((IFERROR(VALUE(R13),0)+IFERROR(VALUE(S13),0)+IFERROR(VALUE(T13),0)+IFERROR(VALUE(U13),0)+IFERROR(VALUE(V13),0)+IFERROR(VALUE(W13),0)+IFERROR(VALUE(X13),0)+IFERROR(VALUE(Y13),0))/(IF(ISNUMBER(R13),1,0)+IF(ISNUMBER(S13),1,0)+IF(ISNUMBER(T13),1,0)+IF(ISNUMBER(U13),1,0)+IF(ISNUMBER(V13),1,0)+IF(ISNUMBER(W13),1,0)+IF(ISNUMBER(X13),1,0)+IF(ISNUMBER(Y13),1,0)),"") | AF13: =IF(AND((IF(ISNUMBER(R13)+ISTEXT(R13),1,0)+IF(ISNUMBER(S13)+ISTEXT(S13),1,0)+IF(ISNUMBER(T13)+ISTEXT(T13),1,0)+IF(ISNUMBER(U13)+ISTEXT(U13),1,0)+IF(ISNUMBER(V13)+ISTEXT(V13),1,0)+IF(ISNUMBER(W13)+ISTEXT(W13),1,0)+IF(ISNUMBER(X13)+ISTEXT(X13),1,0)+IF(ISNUMBER(Y13)+ISTEXT(Y13),1,0))>=4,IF(AA13<>"",1,0)=1),"COMPLETE",IF((IF(ISNUMBER(R13)+ISTEXT(R13),1,0)+IF(ISNUMBER(S13)+ISTEXT(S13),1,0)+IF(ISNUMBER(T13)+ISTEXT(T13),1,0)+IF(ISNUMBER(U13)+ISTEXT(U13),1,0)+IF(ISNUMBER(V13)+ISTEXT(V13),1,0)+IF(ISNUMBER(W13)+ISTEXT(W13),1,0)+IF(ISNUMBER(X13)+ISTEXT(X13),1,0)+IF(ISNUMBER(Y13)+ISTEXT(Y13),1,0))=0,"NOT STARTED","IN PROGRESS")) -> NOT STARTED
A14: QA-EVAL-010 | B14: draft | C14: hydrology, seismology | D14: integration | E14: 3 | F14: I work on aquifer-recharge modeling. How does my work connect to seismology? Are there real, mechanistic bridges or just statistical correlations? | G14: none | J14: CC-hydro-p CC-hydro-D CC-seismo-stress | K14: MC-seismo-ambient-noise | L14: PD-induced-seismicity PD-eq-hydro-coupling | M14: TC-02 TC-03 | P14: • TC-02 effective stress: mechanistic bridge, not statistical. • Hydraulic diffusion D maps to fault-pressure diffusion (PD-induced-seismicity r²/t analysis). • TC-03 dv/v: ambient seismic noise tracks groundwater storage changes. • Two productive next steps: induced-seismicity literature (Ellsworth 2013), dv/v in your basin (Clements & Denolle 2018). • Refuses to assert spurious correlations not grounded in TC-02 / TC-03. | Z14: =IFERROR((IFERROR(VALUE(R14),0)+IFERROR(VALUE(S14),0)+IFERROR(VALUE(T14),0)+IFERROR(VALUE(U14),0)+IFERROR(VALUE(V14),0)+IFERROR(VALUE(W14),0)+IFERROR(VALUE(X14),0)+IFERROR(VALUE(Y14),0))/(IF(ISNUMBER(R14),1,0)+IF(ISNUMBER(S14),1,0)+IF(ISNUMBER(T14),1,0)+IF(ISNUMBER(U14),1,0)+IF(ISNUMBER(V14),1,0)+IF(ISNUMBER(W14),1,0)+IF(ISNUMBER(X14),1,0)+IF(ISNUMBER(Y14),1,0)),"") | AF14: =IF(AND((IF(ISNUMBER(R14)+ISTEXT(R14),1,0)+IF(ISNUMBER(S14)+ISTEXT(S14),1,0)+IF(ISNUMBER(T14)+ISTEXT(T14),1,0)+IF(ISNUMBER(U14)+ISTEXT(U14),1,0)+IF(ISNUMBER(V14)+ISTEXT(V14),1,0)+IF(ISNUMBER(W14)+ISTEXT(W14),1,0)+IF(ISNUMBER(X14)+ISTEXT(X14),1,0)+IF(ISNUMBER(Y14)+ISTEXT(Y14),1,0))>=4,IF(AA14<>"",1,0)=1),"COMPLETE",IF((IF(ISNUMBER(R14)+ISTEXT(R14),1,0)+IF(ISNUMBER(S14)+ISTEXT(S14),1,0)+IF(ISNUMBER(T14)+ISTEXT(T14),1,0)+IF(ISNUMBER(U14)+ISTEXT(U14),1,0)+IF(ISNUMBER(V14)+ISTEXT(V14),1,0)+IF(ISNUMBER(W14)+ISTEXT(W14),1,0)+IF(ISNUMBER(X14)+ISTEXT(X14),1,0)+IF(ISNUMBER(Y14)+ISTEXT(Y14),1,0))=0,"NOT STARTED","IN PROGRESS")) -> NOT STARTED
A15: QA-EVAL-011 | B15: draft | C15: geomorphology, ecology, atmospheric_sciences | D15: integration | E15: 4 | F15: I'm interested in modeling post-fire debris-flow hazard under climate change. I'd need to integrate atmospheric (precip), ecological (vegetation recovery), and geomorphic (sediment) processes. What bridges exist between these three? | G15: none | J15: CC-eco-root-cohesion CC-atm-precip CC-geomorph-Qs | K15: MC-geomorph-debris-flow-modeling | L15: PD-post-fire-erosion PD-debris-flow PD-fire-recovery | M15: TC-11 TC-13 TC-15 | P15: • Three coupled mechanisms: root-cohesion decay (eco), runoff intensification (hydro/atm), sediment yield amplification (geomorph). • TC-15: climate-driven precipitation intensification ↔ post-fire erosion window. • TC-11: root-cohesion contribution to natural-hillslope FS. • Cannon et al. 2008 post-fire rainfall thresholds, derived in CA/CO, may not transfer to PNW. • Suggests a coupled modeling stack: NWP precipitation → CLM/ELM vegetation → Landlab/D-Claw sediment. | Z15: =IFERROR((IFERROR(VALUE(R15),0)+IFERROR(VALUE(S15),0)+IFERROR(VALUE(T15),0)+IFERROR(VALUE(U15),0)+IFERROR(VALUE(V15),0)+IFERROR(VALUE(W15),0)+IFERROR(VALUE(X15),0)+IFERROR(VALUE(Y15),0))/(IF(ISNUMBER(R15),1,0)+IF(ISNUMBER(S15),1,0)+IF(ISNUMBER(T15),1,0)+IF(ISNUMBER(U15),1,0)+IF(ISNUMBER(V15),1,0)+IF(ISNUMBER(W15),1,0)+IF(ISNUMBER(X15),1,0)+IF(ISNUMBER(Y15),1,0)),"") | AF15: =IF(AND((IF(ISNUMBER(R15)+ISTEXT(R15),1,0)+IF(ISNUMBER(S15)+ISTEXT(S15),1,0)+IF(ISNUMBER(T15)+ISTEXT(T15),1,0)+IF(ISNUMBER(U15)+ISTEXT(U15),1,0)+IF(ISNUMBER(V15)+ISTEXT(V15),1,0)+IF(ISNUMBER(W15)+ISTEXT(W15),1,0)+IF(ISNUMBER(X15)+ISTEXT(X15),1,0)+IF(ISNUMBER(Y15)+ISTEXT(Y15),1,0))>=4,IF(AA15<>"",1,0)=1),"COMPLETE",IF((IF(ISNUMBER(R15)+ISTEXT(R15),1,0)+IF(ISNUMBER(S15)+ISTEXT(S15),1,0)+IF(ISNUMBER(T15)+ISTEXT(T15),1,0)+IF(ISNUMBER(U15)+ISTEXT(U15),1,0)+IF(ISNUMBER(V15)+ISTEXT(V15),1,0)+IF(ISNUMBER(W15)+ISTEXT(W15),1,0)+IF(ISNUMBER(X15)+ISTEXT(X15),1,0)+IF(ISNUMBER(Y15)+ISTEXT(Y15),1,0))=0,"NOT STARTED","IN PROGRESS")) -> NOT STARTED
A16: QA-EVAL-012 | B16: draft | C16: geotechnical_engineering, hydrology, agricultural_sciences | D16: integration | E16: 4 | F16: I'm proposing a multi-discipline study of California Central Valley land subsidence. I want to integrate the hydrology (pumping), agriculture (irrigation demand), and geotechnical engineering (consolidation). How do the three communities talk to each other, and what bridges are operational? | G16: none | J16: CC-ag-irrigation-demand CC-hydro-recharge CC-geotech-cv CC-geotech-MohrCoulomb | K16: MC-hydro-GRACE MC-geomorph-InSAR | L16: PD-aquifer-depletion PD-subsidence-consolidation | M16: TC-02 TC-13 TC-18 | P16: • TC-02 effective stress is the deep bridge; pumping → reduced p → increased σ' → consolidation. • Operational data: USGS NWIS wells + GRACE TWS + Sentinel-1 InSAR. • Permanent storage loss (inelastic m_v) is the key non-reversible cost. • Faunt 2016 documents 9 m cumulative subsidence; agricultural side is the driver. • Suggests a digital-twin approach pairing hydrology, geotech, and InSAR. | Z16: =IFERROR((IFERROR(VALUE(R16),0)+IFERROR(VALUE(S16),0)+IFERROR(VALUE(T16),0)+IFERROR(VALUE(U16),0)+IFERROR(VALUE(V16),0)+IFERROR(VALUE(W16),0)+IFERROR(VALUE(X16),0)+IFERROR(VALUE(Y16),0))/(IF(ISNUMBER(R16),1,0)+IF(ISNUMBER(S16),1,0)+IF(ISNUMBER(T16),1,0)+IF(ISNUMBER(U16),1,0)+IF(ISNUMBER(V16),1,0)+IF(ISNUMBER(W16),1,0)+IF(ISNUMBER(X16),1,0)+IF(ISNUMBER(Y16),1,0)),"") | AF16: =IF(AND((IF(ISNUMBER(R16)+ISTEXT(R16),1,0)+IF(ISNUMBER(S16)+ISTEXT(S16),1,0)+IF(ISNUMBER(T16)+ISTEXT(T16),1,0)+IF(ISNUMBER(U16)+ISTEXT(U16),1,0)+IF(ISNUMBER(V16)+ISTEXT(V16),1,0)+IF(ISNUMBER(W16)+ISTEXT(W16),1,0)+IF(ISNUMBER(X16)+ISTEXT(X16),1,0)+IF(ISNUMBER(Y16)+ISTEXT(Y16),1,0))>=4,IF(AA16<>"",1,0)=1),"COMPLETE",IF((IF(ISNUMBER(R16)+ISTEXT(R16),1,0)+IF(ISNUMBER(S16)+ISTEXT(S16),1,0)+IF(ISNUMBER(T16)+ISTEXT(T16),1,0)+IF(ISNUMBER(U16)+ISTEXT(U16),1,0)+IF(ISNUMBER(V16)+ISTEXT(V16),1,0)+IF(ISNUMBER(W16)+ISTEXT(W16),1,0)+IF(ISNUMBER(X16)+ISTEXT(X16),1,0)+IF(ISNUMBER(Y16)+ISTEXT(Y16),1,0))=0,"NOT STARTED","IN PROGRESS")) -> NOT STARTED
A17: QA-EVAL-013 | B17: draft | C17: seismology, near_surface_geophysics, geotechnical_engineering | D17: integration | E17: 4 | F17: I'm a seismologist with regional tomography work in the PNW. How do my Vs models connect to the geotechnical site characterization that the Cascadia hazard community needs? | G17: none | J17: CC-seismo-Vs CC-geotech-G-Gmax | K17: MC-seismo-tomography MC-seismo-MASW MC-geotech-CPT | L17: PD-site-response PD-liquefaction | M17: TC-12 TC-10 | P17: • TC-12 is the depth-regime bridge: tomography 0.1-10 km, MASW 5-50 m, borehole 0-30 m. • Vs30 derived from the upper-30-m portion of the seismologist's profile. • TC-10: linear seismology gives the elastic Vs; engineering site response needs G/Gmax nonlinearity. • Joint inversion (TC-08) combining seismology + geotech bridges the 'missing middle' 50 m - 1 km. • Operational next step: MASW or seismic CPT at sites where tomography under-resolves the upper 100 m. | Z17: =IFERROR((IFERROR(VALUE(R17),0)+IFERROR(VALUE(S17),0)+IFERROR(VALUE(T17),0)+IFERROR(VALUE(U17),0)+IFERROR(VALUE(V17),0)+IFERROR(VALUE(W17),0)+IFERROR(VALUE(X17),0)+IFERROR(VALUE(Y17),0))/(IF(ISNUMBER(R17),1,0)+IF(ISNUMBER(S17),1,0)+IF(ISNUMBER(T17),1,0)+IF(ISNUMBER(U17),1,0)+IF(ISNUMBER(V17),1,0)+IF(ISNUMBER(W17),1,0)+IF(ISNUMBER(X17),1,0)+IF(ISNUMBER(Y17),1,0)),"") | AF17: =IF(AND((IF(ISNUMBER(R17)+ISTEXT(R17),1,0)+IF(ISNUMBER(S17)+ISTEXT(S17),1,0)+IF(ISNUMBER(T17)+ISTEXT(T17),1,0)+IF(ISNUMBER(U17)+ISTEXT(U17),1,0)+IF(ISNUMBER(V17)+ISTEXT(V17),1,0)+IF(ISNUMBER(W17)+ISTEXT(W17),1,0)+IF(ISNUMBER(X17)+ISTEXT(X17),1,0)+IF(ISNUMBER(Y17)+ISTEXT(Y17),1,0))>=4,IF(AA17<>"",1,0)=1),"COMPLETE",IF((IF(ISNUMBER(R17)+ISTEXT(R17),1,0)+IF(ISNUMBER(S17)+ISTEXT(S17),1,0)+IF(ISNUMBER(T17)+ISTEXT(T17),1,0)+IF(ISNUMBER(U17)+ISTEXT(U17),1,0)+IF(ISNUMBER(V17)+ISTEXT(V17),1,0)+IF(ISNUMBER(W17)+ISTEXT(W17),1,0)+IF(ISNUMBER(X17)+ISTEXT(X17),1,0)+IF(ISNUMBER(Y17)+ISTEXT(Y17),1,0))=0,"NOT STARTED","IN PROGRESS")) -> NOT STARTED
A18: QA-EVAL-014 | B18: draft | C18: hydrology, geotechnical_engineering | D18: vocabulary-disambiguation | E18: 2 | F18: I'm reading a hydrogeology paper that uses 'permeability' and a geotechnical paper that uses 'permeability' — they seem to mean the same thing but I'm not sure. Are they the same? | G18: none | J18: CC-hydro-K CC-geotech-cv | M18: TC-01 | N18: permeability | P18: • Yes, intrinsic permeability k [m²] is the same physical quantity in both. • But hydrology often reports hydraulic conductivity K = kρg/μ [m/s]; not the same as k. • Geotechnical c_v = k/(γ_w m_v) — k appears but coupled with mechanical compressibility. • Bridge: TC-01 diffusion equation; same equation, different state variable (head vs. pressure). | Z18: =IFERROR((IFERROR(VALUE(R18),0)+IFERROR(VALUE(S18),0)+IFERROR(VALUE(T18),0)+IFERROR(VALUE(U18),0)+IFERROR(VALUE(V18),0)+IFERROR(VALUE(W18),0)+IFERROR(VALUE(X18),0)+IFERROR(VALUE(Y18),0))/(IF(ISNUMBER(R18),1,0)+IF(ISNUMBER(S18),1,0)+IF(ISNUMBER(T18),1,0)+IF(ISNUMBER(U18),1,0)+IF(ISNUMBER(V18),1,0)+IF(ISNUMBER(W18),1,0)+IF(ISNUMBER(X18),1,0)+IF(ISNUMBER(Y18),1,0)),"") | AF18: =IF(AND((IF(ISNUMBER(R18)+ISTEXT(R18),1,0)+IF(ISNUMBER(S18)+ISTEXT(S18),1,0)+IF(ISNUMBER(T18)+ISTEXT(T18),1,0)+IF(ISNUMBER(U18)+ISTEXT(U18),1,0)+IF(ISNUMBER(V18)+ISTEXT(V18),1,0)+IF(ISNUMBER(W18)+ISTEXT(W18),1,0)+IF(ISNUMBER(X18)+ISTEXT(X18),1,0)+IF(ISNUMBER(Y18)+ISTEXT(Y18),1,0))>=4,IF(AA18<>"",1,0)=1),"COMPLETE",IF((IF(ISNUMBER(R18)+ISTEXT(R18),1,0)+IF(ISNUMBER(S18)+ISTEXT(S18),1,0)+IF(ISNUMBER(T18)+ISTEXT(T18),1,0)+IF(ISNUMBER(U18)+ISTEXT(U18),1,0)+IF(ISNUMBER(V18)+ISTEXT(V18),1,0)+IF(ISNUMBER(W18)+ISTEXT(W18),1,0)+IF(ISNUMBER(X18)+ISTEXT(X18),1,0)+IF(ISNUMBER(Y18)+ISTEXT(Y18),1,0))=0,"NOT STARTED","IN PROGRESS")) -> NOT STARTED
A19: QA-EVAL-015 | B19: draft | C19: geotechnical_engineering, seismology | D19: vocabulary-disambiguation | E19: 3 | F19: When my structural-engineering colleagues talk about 'stress,' do they mean the same thing as my seismologist friend who studies stress drop on faults? | G19: none | J19: CC-geotech-MohrCoulomb CC-seismo-stress | M19: TC-02 | N19: stress | P19: • The same stress tensor formalism — but conventions differ. • Geotech defaults: total stress σ vs. effective σ' = σ − p (Terzaghi). • Seismology defaults: on a fault, σ_n and τ; stress drop Δσ = τ_initial − τ_final. • Bridge: TC-02 — same Mohr-Coulomb equation on engineered soils and on faults. • Practical implication: ambient-state stress is rarely what either reports. | Z19: =IFERROR((IFERROR(VALUE(R19),0)+IFERROR(VALUE(S19),0)+IFERROR(VALUE(T19),0)+IFERROR(VALUE(U19),0)+IFERROR(VALUE(V19),0)+IFERROR(VALUE(W19),0)+IFERROR(VALUE(X19),0)+IFERROR(VALUE(Y19),0))/(IF(ISNUMBER(R19),1,0)+IF(ISNUMBER(S19),1,0)+IF(ISNUMBER(T19),1,0)+IF(ISNUMBER(U19),1,0)+IF(ISNUMBER(V19),1,0)+IF(ISNUMBER(W19),1,0)+IF(ISNUMBER(X19),1,0)+IF(ISNUMBER(Y19),1,0)),"") | AF19: =IF(AND((IF(ISNUMBER(R19)+ISTEXT(R19),1,0)+IF(ISNUMBER(S19)+ISTEXT(S19),1,0)+IF(ISNUMBER(T19)+ISTEXT(T19),1,0)+IF(ISNUMBER(U19)+ISTEXT(U19),1,0)+IF(ISNUMBER(V19)+ISTEXT(V19),1,0)+IF(ISNUMBER(W19)+ISTEXT(W19),1,0)+IF(ISNUMBER(X19)+ISTEXT(X19),1,0)+IF(ISNUMBER(Y19)+ISTEXT(Y19),1,0))>=4,IF(AA19<>"",1,0)=1),"COMPLETE",IF((IF(ISNUMBER(R19)+ISTEXT(R19),1,0)+IF(ISNUMBER(S19)+ISTEXT(S19),1,0)+IF(ISNUMBER(T19)+ISTEXT(T19),1,0)+IF(ISNUMBER(U19)+ISTEXT(U19),1,0)+IF(ISNUMBER(V19)+ISTEXT(V19),1,0)+IF(ISNUMBER(W19)+ISTEXT(W19),1,0)+IF(ISNUMBER(X19)+ISTEXT(X19),1,0)+IF(ISNUMBER(Y19)+ISTEXT(Y19),1,0))=0,"NOT STARTED","IN PROGRESS")) -> NOT STARTED
A20: QA-EVAL-016 | B20: draft | C20: seismology, hydrology | D20: refusal-test | E20: 4 | F20: Both earthquake-magnitude distributions and flood-frequency distributions follow power laws. They must share the same underlying mechanism — what is it? Can I use Gutenberg-Richter machinery to predict flood return periods directly? | G20: none | J20: CC-seismo-GR CC-geomorph-flood-frequency | M20: TC-04 | O20: forced-analogy, surface-power-law-collision | P20: • Refuses the forced analogy: power laws ≠ shared mechanism. • Gutenberg-Richter from fault-system self-organized criticality. • Flood frequency from extreme-precipitation × hydrologic response. • Statistical machinery (EVT, return periods, completeness) is portable; mechanism is not. • Concretely: use log-Pearson III (USGS Bulletin 17C) for floods, NOT b-value methodology. | Q20: ✗ share the same mechanism ✗ Gutenberg-Richter can predict flood return periods ✗ stress drop and discharge are statistically equivalent | Z20: =IFERROR((IFERROR(VALUE(R20),0)+IFERROR(VALUE(S20),0)+IFERROR(VALUE(T20),0)+IFERROR(VALUE(U20),0)+IFERROR(VALUE(V20),0)+IFERROR(VALUE(W20),0)+IFERROR(VALUE(X20),0)+IFERROR(VALUE(Y20),0))/(IF(ISNUMBER(R20),1,0)+IF(ISNUMBER(S20),1,0)+IF(ISNUMBER(T20),1,0)+IF(ISNUMBER(U20),1,0)+IF(ISNUMBER(V20),1,0)+IF(ISNUMBER(W20),1,0)+IF(ISNUMBER(X20),1,0)+IF(ISNUMBER(Y20),1,0)),"") | AF20: =IF(AND((IF(ISNUMBER(R20)+ISTEXT(R20),1,0)+IF(ISNUMBER(S20)+ISTEXT(S20),1,0)+IF(ISNUMBER(T20)+ISTEXT(T20),1,0)+IF(ISNUMBER(U20)+ISTEXT(U20),1,0)+IF(ISNUMBER(V20)+ISTEXT(V20),1,0)+IF(ISNUMBER(W20)+ISTEXT(W20),1,0)+IF(ISNUMBER(X20)+ISTEXT(X20),1,0)+IF(ISNUMBER(Y20)+ISTEXT(Y20),1,0))>=4,IF(AA20<>"",1,0)=1),"COMPLETE",IF((IF(ISNUMBER(R20)+ISTEXT(R20),1,0)+IF(ISNUMBER(S20)+ISTEXT(S20),1,0)+IF(ISNUMBER(T20)+ISTEXT(T20),1,0)+IF(ISNUMBER(U20)+ISTEXT(U20),1,0)+IF(ISNUMBER(V20)+ISTEXT(V20),1,0)+IF(ISNUMBER(W20)+ISTEXT(W20),1,0)+IF(ISNUMBER(X20)+ISTEXT(X20),1,0)+IF(ISNUMBER(Y20)+ISTEXT(Y20),1,0))=0,"NOT STARTED","IN PROGRESS")) -> NOT STARTED
A21: QA-EVAL-017 | B21: draft | C21: ecology, seismology | D21: refusal-test | E21: 3 | F21: Both ambient seismic noise and soundscape ecology use 'noise' as their data. What's the connection between seismic noise studies and acoustic biodiversity monitoring? Are they really the same field? | G21: none | J21: CC-seismo-noise | K21: MC-eco-PAM MC-seismo-ambient-noise | N21: noise | O21: vocabulary-collision | P21: • Refuses to equate the two: same word, different physics. • Seismic noise is elastic-wave ground motion (m/s); soundscape is acoustic pressure (Pa). • Shared signal-processing techniques (spectral analysis, ML pickers) — but not shared substrate. • Genuinely different fields, with separate publication and instrumentation communities. • One small connection: marine ocean-bottom seismometers do detect whale calls — but that's incidental, not the basis for unification. | Q21: ✗ seismic noise and soundscape ecology are the same field | Z21: =IFERROR((IFERROR(VALUE(R21),0)+IFERROR(VALUE(S21),0)+IFERROR(VALUE(T21),0)+IFERROR(VALUE(U21),0)+IFERROR(VALUE(V21),0)+IFERROR(VALUE(W21),0)+IFERROR(VALUE(X21),0)+IFERROR(VALUE(Y21),0))/(IF(ISNUMBER(R21),1,0)+IF(ISNUMBER(S21),1,0)+IF(ISNUMBER(T21),1,0)+IF(ISNUMBER(U21),1,0)+IF(ISNUMBER(V21),1,0)+IF(ISNUMBER(W21),1,0)+IF(ISNUMBER(X21),1,0)+IF(ISNUMBER(Y21),1,0)),"") | AF21: =IF(AND((IF(ISNUMBER(R21)+ISTEXT(R21),1,0)+IF(ISNUMBER(S21)+ISTEXT(S21),1,0)+IF(ISNUMBER(T21)+ISTEXT(T21),1,0)+IF(ISNUMBER(U21)+ISTEXT(U21),1,0)+IF(ISNUMBER(V21)+ISTEXT(V21),1,0)+IF(ISNUMBER(W21)+ISTEXT(W21),1,0)+IF(ISNUMBER(X21)+ISTEXT(X21),1,0)+IF(ISNUMBER(Y21)+ISTEXT(Y21),1,0))>=4,IF(AA21<>"",1,0)=1),"COMPLETE",IF((IF(ISNUMBER(R21)+ISTEXT(R21),1,0)+IF(ISNUMBER(S21)+ISTEXT(S21),1,0)+IF(ISNUMBER(T21)+ISTEXT(T21),1,0)+IF(ISNUMBER(U21)+ISTEXT(U21),1,0)+IF(ISNUMBER(V21)+ISTEXT(V21),1,0)+IF(ISNUMBER(W21)+ISTEXT(W21),1,0)+IF(ISNUMBER(X21)+ISTEXT(X21),1,0)+IF(ISNUMBER(Y21)+ISTEXT(Y21),1,0))=0,"NOT STARTED","IN PROGRESS")) -> NOT STARTED
A22: QA-EVAL-018 | B22: draft | C22: hydrology, seismology, near_surface_geophysics | D22: joint-observation | E22: 5 | F22: I want to monitor a small catchment's groundwater state in real time without relying solely on a sparse well network. What's the best multi-sensor joint-observation strategy — what do I get from seismic, electrical, and gravity methods, and how do I fuse them? | G22: none | J22: CC-hydro-S CC-hydro-h CC-nsg-resistivity CC-nsg-gravity CC-seismo-dvv | K22: MC-seismo-ambient-noise MC-nsg-ERT MC-nsg-gravity MC-nsg-joint-inversion | L22: PD-aquifer-architecture | M22: TC-03 TC-08 TC-19 | O22: different-regime | P22: • Each method captures a different aspect: dv/v → integrated storage/saturation; ERT → spatial distribution; gravity → mass. • TC-08 joint inversion is the operational fusion framework. • Spatial scales mismatched: dv/v ≈ 100m–km; ERT 10–100 m; microgravity 10–100 m. Honest framing. • Calibration: still need a small well network to anchor petrophysics (Archie's law). • Concrete proposal: 3–5 wells + dense seismic array + monthly ERT + microgravity at fixed stations. | Q22: ✗ wells are not necessary if you have geophysics | Z22: =IFERROR((IFERROR(VALUE(R22),0)+IFERROR(VALUE(S22),0)+IFERROR(VALUE(T22),0)+IFERROR(VALUE(U22),0)+IFERROR(VALUE(V22),0)+IFERROR(VALUE(W22),0)+IFERROR(VALUE(X22),0)+IFERROR(VALUE(Y22),0))/(IF(ISNUMBER(R22),1,0)+IF(ISNUMBER(S22),1,0)+IF(ISNUMBER(T22),1,0)+IF(ISNUMBER(U22),1,0)+IF(ISNUMBER(V22),1,0)+IF(ISNUMBER(W22),1,0)+IF(ISNUMBER(X22),1,0)+IF(ISNUMBER(Y22),1,0)),"") | AF22: =IF(AND((IF(ISNUMBER(R22)+ISTEXT(R22),1,0)+IF(ISNUMBER(S22)+ISTEXT(S22),1,0)+IF(ISNUMBER(T22)+ISTEXT(T22),1,0)+IF(ISNUMBER(U22)+ISTEXT(U22),1,0)+IF(ISNUMBER(V22)+ISTEXT(V22),1,0)+IF(ISNUMBER(W22)+ISTEXT(W22),1,0)+IF(ISNUMBER(X22)+ISTEXT(X22),1,0)+IF(ISNUMBER(Y22)+ISTEXT(Y22),1,0))>=4,IF(AA22<>"",1,0)=1),"COMPLETE",IF((IF(ISNUMBER(R22)+ISTEXT(R22),1,0)+IF(ISNUMBER(S22)+ISTEXT(S22),1,0)+IF(ISNUMBER(T22)+ISTEXT(T22),1,0)+IF(ISNUMBER(U22)+ISTEXT(U22),1,0)+IF(ISNUMBER(V22)+ISTEXT(V22),1,0)+IF(ISNUMBER(W22)+ISTEXT(W22),1,0)+IF(ISNUMBER(X22)+ISTEXT(X22),1,0)+IF(ISNUMBER(Y22)+ISTEXT(Y22),1,0))=0,"NOT STARTED","IN PROGRESS")) -> NOT STARTED

Sheet Rubric
A1: Scoring rubric — 8 criteria, 1-5 Likert
A3: Criterion | B3: Definition | C3: 1 - poor | D3: 3 - acceptable | E3: 5 - excellent
A4: S1. Technical accuracy | B4: Are the factual claims in the answer correct? | C4: Wrong claim that would mislead. | D4: Mostly correct; minor inaccuracy. | E4: All claims correct; uncertainty quantified.
A5: S2. Citation discipline | B5: Are cited works real, DOIs accurate, claims supported? | C5: Fabricated citation; hard fail. | D5: Citations real; coverage uneven. | E5: Every claim cited; coverage matches specificity.
A6: S3. Vocabulary precision | B6: Discipline-specific language correct; vocabulary collisions handled? | C6: Vocabulary collision treated as equivalence. | D6: Language correct; collisions disambiguated when prompted. | E6: Language fully correct; collisions disambiguated up front.
A7: S4. Cross-discipline integration (N/A single-disc) | B7: Does the answer correctly bridge disciplines? | C7: Forces analogy that fails scrutiny. | D7: Identifies bridge but doesn't exploit it. | E7: Right bridge; both sides worked through; flags failure modes.
A8: S5. Refusal correctness (N/A no refusal opportunity) | B8: Does the chatbot refuse forced analogies/fabrications? | C8: Failed to refuse; fabricated citation. | D8: Hedged but didn't name the pattern. | E8: Cleanly refused with named pattern + alternative.
A9: S6. Completeness | B9: Address what was asked? Important parts missing? | C9: Major aspects unaddressed. | D9: Main question addressed; peripheral missing. | E9: All aspects addressed.
A10: S7. Presentation | B10: Clarity, structure, technical level. | C10: Disorganized; over- or under-technical. | D10: Reasonably structured. | E10: Well-structured; technical level correct.
A11: S8. Overall usefulness | B11: Holistic judgment: would a researcher find this helpful? | C11: Not useful; would mislead. | D11: Useful as starting point; need to verify. | E11: Directly useful; would quote in own work.

Sheet Progress
A1: Your scoring progress
A2: Total QAs | B2: =COUNTA(QAs!A2:A22) -> 21
A3: Complete | B3: =COUNTIF(QAs!AF2:AF22,"COMPLETE") -> 0
A4: In progress | B4: =COUNTIF(QAs!AF2:AF22,"IN PROGRESS") -> 0
A5: Not started | B5: =COUNTIF(QAs!AF2:AF22,"NOT STARTED") -> 21
A6: Percent complete | B6: =IFERROR(B3/B2,0) -> 0
A7: Mean score across complete | B7: =IFERROR(AVERAGEIF(QAs!AF2:AF22,"COMPLETE",QAs!Z2:Z22),"")
A8: Mean time per QA (min) | B8: =IFERROR(AVERAGEIF(QAs!AF2:AF22,"COMPLETE",QAs!AE2:AE22),"")
A9: Flagged for discussion | B9: =COUNTIF(QAs!AD2:AD22,"Y") -> 0
