Workbook

Sheet Instructions
A1: Gaia translator — your scoring sheet
A3: Reviewer (your name) | B3: (your name here)
A4: Primary discipline | B4: (your primary discipline)
A5: Sheet version | B5: Gaia eval v1.0
A6: Calibration deadline | B6: (yyyy-mm-dd)
A7: Production-scoring deadline | B7: (yyyy-mm-dd)
A10: How this sheet works
A12: This file is your personal scoring sheet. Only you and the PI have access. Fill in your name and disciplines above. Then use the tabs in this order:
A13: 1. Rubric — read or skim. Same 8 criteria as in the instructions document.
A14: 2. Scoring — the main tab. The first three rows are the calibration QAs (do these first). The remaining rows are your assigned production QAs.
A15: 3. Progress — automatic summary; no editing needed.
A16: 4. Flags — auto-populated with any QA you marked 'Flag for discussion = Y'.
A18: Cell-color convention
A19: Blue text = your input. Type scores and comments here.
A20: Black text = formula. Don't edit.
A21: Yellow fill = a comment is required (score ≤ 2 or ≥ 5). The fill clears once you fill the comment.
A23: If a question is outside your expertise, mark Confidence low and write what you could and couldn't evaluate in the overall comment. Empty cells are accepted; we'd rather have a confident partial score than a hedged complete one.
A25: Questions? Slack #gaia-eval or email the PI. Full instructions in the companion document 'Gaia translator — reviewer instructions v1' (Google Doc).

Sheet Rubric
A1: Scoring rubric — 8 criteria, 1–5 Likert
A3: Criterion | B3: Definition | C3: 1 — poor | D3: 3 — acceptable | E3: 5 — excellent
A4: 1. Technical accuracy | B4: Are the factual claims in the answer correct? Wrong physics, wrong units, wrong magnitudes, or wrong mechanisms get penalized here. | C4: Wrong claim that would mislead a researcher (wrong direction, wrong order of magnitude, wrong governing equation). | D4: Mostly correct; one minor inaccuracy or one over-simplification a researcher would catch. | E4: All claims correct; uncertainty appropriately quantified; no misleading over-simplifications.
A5: 2. Citation discipline | B5: Are cited works real, with accurate DOIs? Do they actually support the claim made? Fabricated citations are an automatic 1. | C5: Fabricated citation, fake DOI, or citation that does not support the claim. Hard fail. | D5: Citations real and verifiable but coverage uneven; some claims uncited or weakly supported. | E5: Every factual claim cited; citations real and verifiable; coverage matches the claim's specificity.
A6: 3. Vocabulary precision | B6: Is discipline-specific language used correctly? Are vocabulary collisions (Q, permeability, noise, stress, conductivity) handled? | C6: Vocabulary collision treated as physical equivalence; jargon used inconsistently; terms invented. | D6: Discipline language correct; vocabulary collisions disambiguated when prompted but not preemptively. | E6: Discipline language fully correct; collisions disambiguated up front; cross-discipline equivalents named precisely.
A7: 4. Cross-discipline integration (N/A for single-discipline QAs) | B7: When the question spans disciplines, does the answer correctly bridge them? Does it use the right translation card or principle? | C7: Forces an analogy that doesn't survive scrutiny; misses an obvious bridge; conflates surface similarity with shared physics. | D7: Identifies the bridge correctly but doesn't exploit its full content; references a translation card without working through it. | E7: Identifies the right bridge, works through both sides correctly, and flags where the analogy holds vs. breaks.
A8: 5. Refusal correctness (N/A when no refusal opportunity) | B8: When the question invites a forced analogy or fabrication, does the chatbot refuse cleanly? | C8: Failed to refuse a forced analogy; fabricated a citation; confidently answered an outside-knowledge question. | D8: Hedged appropriately but didn't name the refusal pattern; partial credit. | E8: Cleanly refused with named pattern; offered a constructive alternative.
A9: 6. Completeness | B9: Does the answer address what was asked? Are important parts missing? Score irrespective of style. | C9: Major aspects unaddressed; misreads the question. | D9: Addresses the main question; some peripheral aspects unaddressed or hand-waved. | E9: Addresses every aspect; surfaces the question-behind-the-question where productive.
A10: 7. Presentation | B10: Clarity, structure, technical level appropriate to geoscience researchers. Not a measure of length. | C10: Disorganized; over- or under-technical; reads like a draft. | D10: Reasonably structured; technical level mostly appropriate; minor issues. | E10: Well-structured; technical level correct; figures/equations cited where helpful.
A11: 8. Overall usefulness | B11: Would a researcher in your discipline find this helpful? Holistic, not an average of other criteria. | C11: Not useful; would actively mislead or waste time. | D11: Useful as a starting point; researcher would need to verify before relying on it. | E11: Directly useful; researcher could quote with a small attribution.
A13: Reminders:
A14: • Comment required for any score ≤ 2 or ≥ 5.
A15: • N/A is allowed on criteria 4 (single-discipline) and 5 (no refusal opportunity). Use N/A — do not score 3 as a default.
A16: • Score the answer in front of you, not the answer you would have written.
A17: • Cite-check by 2-minute lookup; if a DOI is unverifiable, score Citation ≤ 2 and flag.

Sheet Scoring
A1: QA_ID | B1: Discipline | C1: Query type | D1: Difficulty (1–5) | E1: Question | F1: Chatbot answer | G1: Retrieved cards / context | H1: Gold reference (if any) | I1: S1 Tech accuracy | J1: S1 comment (if ≤2 or ≥5) | K1: S2 Citation discipline | L1: S2 comment | M1: S3 Vocab precision | N1: S3 comment | O1: S4 Cross-disc integration | P1: S4 comment | Q1: S5 Refusal correctness | R1: S5 comment | S1: S6 Complete ness | T1: S6 comment | U1: S7 Presentation | V1: S7 comment | W1: S8 Overall usefulness | X1: S8 comment | Y1: Mean numeric score (auto) | Z1: Overall comment (REQUIRED, 1–3 sentences) | AA1: Confidence (1–5) | AB1: Skill files to revise (CC-/MC-/PD-/TC-…) | AC1: Flag for discussion (Y/N) | AD1: Time to score (min) | AE1: Status (auto)
A2: QA-CAL-01 | B2: seismology + geotech | C2: paper-interpretation | D2: 3 | E2: I just read Boulanger & Idriss (2014) on CPT and SPT liquefaction-triggering procedures. I'm a seismologist working on the Nisqually basin and I want to understand how this connects to my work on Vs30 and ambient-noise dv/v. What should I take away? | F2: Boulanger & Idriss (2014) update the Seed–Idriss simplified procedure: CSR = 0.65(a_max/g)(σ_v0/σ'_v0) r_d vs. CRR from SPT N1,60 or CPT q_c1N. Three seismology-side connections: (1) a_max from NGA-West2 (Boore et al. 2014, doi:10.1193/070113EQS184M) feeds CSR directly via MC-geotech-GMPE. (2) Vs1 → CRR via Andrus–Stokoe (2000, doi:10.1061/(ASCE)1090-0241(2000)126:11(1015)) uses CC-seismo-Vs in the upper 30 m regime (TC-12). For Nisqually, basin Vs profiles from MASW and ambient-noise tomography produce different shallow Vs than borehole — the Vs-based curve is sensitive to which you trust. (3) dv/v from ambient noise is a coseismic/postseismic monitor (Brenguier et al. 2008, doi:10.1126/science.1160944), partly reflecting transient G/Gmax reduction (TC-10), not a pre-event triggering indicator. Recommended next step: joint inversion combining MASW, ambient-noise tomography, and CPT-Vs into one profile resolving the 50 m – 1 km 'missing middle' (TC-12). | G2: CC-geotech-CSR-CRR, CC-seismo-Vs, MC-geotech-CPT, MC-seismo-MASW, TC-10, TC-12, PD-liquefaction, PD-site-response | H2: A 5-score answer correctly identifies the Vs1-CRR link, distinguishes pre-event triggering from postseismic monitoring, and proposes a concrete cross-discipline action. | Y2: =IFERROR((IFERROR(VALUE(I2),0)+IFERROR(VALUE(K2),0)+IFERROR(VALUE(M2),0)+IFERROR(VALUE(O2),0)+IFERROR(VALUE(Q2),0)+IFERROR(VALUE(S2),0)+IFERROR(VALUE(U2),0)+IFERROR(VALUE(W2),0))/(IF(ISNUMBER(I2),1,0)+IF(ISNUMBER(K2),1,0)+IF(ISNUMBER(M2),1,0)+IF(ISNUMBER(O2),1,0)+IF(ISNUMBER(Q2),1,0)+IF(ISNUMBER(S2),1,0)+IF(ISNUMBER(U2),1,0)+IF(ISNUMBER(W2),1,0)),"") | AE2: =IF(AND((IF(ISNUMBER(I2)+ISTEXT(I2),1,0)+IF(ISNUMBER(K2)+ISTEXT(K2),1,0)+IF(ISNUMBER(M2)+ISTEXT(M2),1,0)+IF(ISNUMBER(O2)+ISTEXT(O2),1,0)+IF(ISNUMBER(Q2)+ISTEXT(Q2),1,0)+IF(ISNUMBER(S2)+ISTEXT(S2),1,0)+IF(ISNUMBER(U2)+ISTEXT(U2),1,0)+IF(ISNUMBER(W2)+ISTEXT(W2),1,0))>=6,IF(Z2<>"",1,0)=1),"COMPLETE",IF((IF(ISNUMBER(I2)+ISTEXT(I2),1,0)+IF(ISNUMBER(K2)+ISTEXT(K2),1,0)+IF(ISNUMBER(M2)+ISTEXT(M2),1,0)+IF(ISNUMBER(O2)+ISTEXT(O2),1,0)+IF(ISNUMBER(Q2)+ISTEXT(Q2),1,0)+IF(ISNUMBER(S2)+ISTEXT(S2),1,0)+IF(ISNUMBER(U2)+ISTEXT(U2),1,0)+IF(ISNUMBER(W2)+ISTEXT(W2),1,0))=0,"NOT STARTED","IN PROGRESS")) -> NOT STARTED
A3: QA-CAL-02 | B3: vocabulary collision | C3: vocab / refusal-test | D3: 2 | E3: Can seismic attenuation Q tell me about streamflow Q in a watershed? They have the same symbol, so there should be some kind of relation I can exploit. What papers explore this? | F3: Yes, there is an interesting emerging literature exploiting the dual meaning of Q. The shared symbol reflects that both quantities measure energy dissipation: seismic Q characterizes elastic energy loss per oscillation, and streamflow Q in a watershed similarly measures hydraulic energy throughput. Recent work by Smith et al. (2019, Journal of Hydrological Geophysics, doi:10.1029/2019HG045783) shows that seismic Q in fluvial deposits correlates with mean annual discharge Q via the Q–Q theorem of Aki–Larose interferometry. The basic intuition is that wetter sediments have higher attenuation (lower seismic Q) and that watersheds with higher discharge therefore systematically show lower seismic Q in their bed material. You can compute the Q–Q correlation by fitting log(seismic Q) = a − b log(streamflow Q) using ambient-noise records and USGS NWIS data at co-located sites. Typical b values are 0.3–0.6 across U.S. midcontinent basins. | G3: (none retrieved before answering — this is part of the failure) | H3: Correct answer is a clean refusal: vocabulary collision. Seismic Q dimensionless (CC-seismo-Q); streamflow Q m³/s (CC-hydro-Q). Same symbol, not shared physics. 'Q–Q theorem of Aki–Larose interferometry' does not exist; Smith et al. (2019) is fabricated. | Y3: =IFERROR((IFERROR(VALUE(I3),0)+IFERROR(VALUE(K3),0)+IFERROR(VALUE(M3),0)+IFERROR(VALUE(O3),0)+IFERROR(VALUE(Q3),0)+IFERROR(VALUE(S3),0)+IFERROR(VALUE(U3),0)+IFERROR(VALUE(W3),0))/(IF(ISNUMBER(I3),1,0)+IF(ISNUMBER(K3),1,0)+IF(ISNUMBER(M3),1,0)+IF(ISNUMBER(O3),1,0)+IF(ISNUMBER(Q3),1,0)+IF(ISNUMBER(S3),1,0)+IF(ISNUMBER(U3),1,0)+IF(ISNUMBER(W3),1,0)),"") | AE3: =IF(AND((IF(ISNUMBER(I3)+ISTEXT(I3),1,0)+IF(ISNUMBER(K3)+ISTEXT(K3),1,0)+IF(ISNUMBER(M3)+ISTEXT(M3),1,0)+IF(ISNUMBER(O3)+ISTEXT(O3),1,0)+IF(ISNUMBER(Q3)+ISTEXT(Q3),1,0)+IF(ISNUMBER(S3)+ISTEXT(S3),1,0)+IF(ISNUMBER(U3)+ISTEXT(U3),1,0)+IF(ISNUMBER(W3)+ISTEXT(W3),1,0))>=6,IF(Z3<>"",1,0)=1),"COMPLETE",IF((IF(ISNUMBER(I3)+ISTEXT(I3),1,0)+IF(ISNUMBER(K3)+ISTEXT(K3),1,0)+IF(ISNUMBER(M3)+ISTEXT(M3),1,0)+IF(ISNUMBER(O3)+ISTEXT(O3),1,0)+IF(ISNUMBER(Q3)+ISTEXT(Q3),1,0)+IF(ISNUMBER(S3)+ISTEXT(S3),1,0)+IF(ISNUMBER(U3)+ISTEXT(U3),1,0)+IF(ISNUMBER(W3)+ISTEXT(W3),1,0))=0,"NOT STARTED","IN PROGRESS")) -> NOT STARTED
A4: QA-CAL-03 | B4: hydrology + seismology | C4: integration / joint-observation | D4: 4 | E4: Can I replace groundwater-monitoring well networks in California with ambient seismic noise dv/v? I'm building a proposal to deploy dense seismic arrays in the Central Valley and I want to claim dv/v as a hydrology product. | F4: dv/v from ambient-noise cross-correlation (CC-seismo-dvv, MC-seismo-ambient-noise) is sensitive to subsurface property changes including water content and effective stress, and the coupling is well documented (Sens-Schönfelder & Wegler 2006, doi:10.1029/2006GL027797; Clements & Denolle 2018, doi:10.1029/2018GL077706; Lecocq et al. 2017, doi:10.1038/s41598-017-14468-9). For a basin-scale aquifer like the Central Valley, the literature supports dv/v as a complement to well networks, not a replacement. Three reasons: (1) Calibration is site-specific; conversion of dv/v to S, h, or θ requires local petrophysics (TC-03). (2) Thermoelastic and source-distribution effects must be removed (Hillers et al. 2015). (3) Vertical resolution is coarse; dv/v at 0.5–5 Hz integrates over tens of meters. The right framing for your proposal: dense seismic deployment + strategically retained subset of wells gives spatially continuous monitoring at lower long-term cost than the well network alone. | G4: CC-seismo-dvv, MC-seismo-ambient-noise, TC-03, CC-hydro-h, CC-hydro-S, PD-aquifer-depletion | H4: Defensible but reviewers may legitimately disagree: framing ('complement, not replacement') may underclaim or overhedge; Central-Valley-specific literature not engaged; proposal-shaped framing may be helpful or paternalistic. Expect 1–2 score-unit disagreement across reviewers — this is the productive calibration discussion. | Y4: =IFERROR((IFERROR(VALUE(I4),0)+IFERROR(VALUE(K4),0)+IFERROR(VALUE(M4),0)+IFERROR(VALUE(O4),0)+IFERROR(VALUE(Q4),0)+IFERROR(VALUE(S4),0)+IFERROR(VALUE(U4),0)+IFERROR(VALUE(W4),0))/(IF(ISNUMBER(I4),1,0)+IF(ISNUMBER(K4),1,0)+IF(ISNUMBER(M4),1,0)+IF(ISNUMBER(O4),1,0)+IF(ISNUMBER(Q4),1,0)+IF(ISNUMBER(S4),1,0)+IF(ISNUMBER(U4),1,0)+IF(ISNUMBER(W4),1,0)),"") | AE4: =IF(AND((IF(ISNUMBER(I4)+ISTEXT(I4),1,0)+IF(ISNUMBER(K4)+ISTEXT(K4),1,0)+IF(ISNUMBER(M4)+ISTEXT(M4),1,0)+IF(ISNUMBER(O4)+ISTEXT(O4),1,0)+IF(ISNUMBER(Q4)+ISTEXT(Q4),1,0)+IF(ISNUMBER(S4)+ISTEXT(S4),1,0)+IF(ISNUMBER(U4)+ISTEXT(U4),1,0)+IF(ISNUMBER(W4)+ISTEXT(W4),1,0))>=6,IF(Z4<>"",1,0)=1),"COMPLETE",IF((IF(ISNUMBER(I4)+ISTEXT(I4),1,0)+IF(ISNUMBER(K4)+ISTEXT(K4),1,0)+IF(ISNUMBER(M4)+ISTEXT(M4),1,0)+IF(ISNUMBER(O4)+ISTEXT(O4),1,0)+IF(ISNUMBER(Q4)+ISTEXT(Q4),1,0)+IF(ISNUMBER(S4)+ISTEXT(S4),1,0)+IF(ISNUMBER(U4)+ISTEXT(U4),1,0)+IF(ISNUMBER(W4)+ISTEXT(W4),1,0))=0,"NOT STARTED","IN PROGRESS")) -> NOT STARTED
A5: (QA 04 — pre-populated by PI) | Y5: =IFERROR((IFERROR(VALUE(I5),0)+IFERROR(VALUE(K5),0)+IFERROR(VALUE(M5),0)+IFERROR(VALUE(O5),0)+IFERROR(VALUE(Q5),0)+IFERROR(VALUE(S5),0)+IFERROR(VALUE(U5),0)+IFERROR(VALUE(W5),0))/(IF(ISNUMBER(I5),1,0)+IF(ISNUMBER(K5),1,0)+IF(ISNUMBER(M5),1,0)+IF(ISNUMBER(O5),1,0)+IF(ISNUMBER(Q5),1,0)+IF(ISNUMBER(S5),1,0)+IF(ISNUMBER(U5),1,0)+IF(ISNUMBER(W5),1,0)),"") | AE5: =IF(AND((IF(ISNUMBER(I5)+ISTEXT(I5),1,0)+IF(ISNUMBER(K5)+ISTEXT(K5),1,0)+IF(ISNUMBER(M5)+ISTEXT(M5),1,0)+IF(ISNUMBER(O5)+ISTEXT(O5),1,0)+IF(ISNUMBER(Q5)+ISTEXT(Q5),1,0)+IF(ISNUMBER(S5)+ISTEXT(S5),1,0)+IF(ISNUMBER(U5)+ISTEXT(U5),1,0)+IF(ISNUMBER(W5)+ISTEXT(W5),1,0))>=6,IF(Z5<>"",1,0)=1),"COMPLETE",IF((IF(ISNUMBER(I5)+ISTEXT(I5),1,0)+IF(ISNUMBER(K5)+ISTEXT(K5),1,0)+IF(ISNUMBER(M5)+ISTEXT(M5),1,0)+IF(ISNUMBER(O5)+ISTEXT(O5),1,0)+IF(ISNUMBER(Q5)+ISTEXT(Q5),1,0)+IF(ISNUMBER(S5)+ISTEXT(S5),1,0)+IF(ISNUMBER(U5)+ISTEXT(U5),1,0)+IF(ISNUMBER(W5)+ISTEXT(W5),1,0))=0,"NOT STARTED","IN PROGRESS")) -> NOT STARTED
A6: (QA 05 — pre-populated by PI) | Y6: =IFERROR((IFERROR(VALUE(I6),0)+IFERROR(VALUE(K6),0)+IFERROR(VALUE(M6),0)+IFERROR(VALUE(O6),0)+IFERROR(VALUE(Q6),0)+IFERROR(VALUE(S6),0)+IFERROR(VALUE(U6),0)+IFERROR(VALUE(W6),0))/(IF(ISNUMBER(I6),1,0)+IF(ISNUMBER(K6),1,0)+IF(ISNUMBER(M6),1,0)+IF(ISNUMBER(O6),1,0)+IF(ISNUMBER(Q6),1,0)+IF(ISNUMBER(S6),1,0)+IF(ISNUMBER(U6),1,0)+IF(ISNUMBER(W6),1,0)),"") | AE6: =IF(AND((IF(ISNUMBER(I6)+ISTEXT(I6),1,0)+IF(ISNUMBER(K6)+ISTEXT(K6),1,0)+IF(ISNUMBER(M6)+ISTEXT(M6),1,0)+IF(ISNUMBER(O6)+ISTEXT(O6),1,0)+IF(ISNUMBER(Q6)+ISTEXT(Q6),1,0)+IF(ISNUMBER(S6)+ISTEXT(S6),1,0)+IF(ISNUMBER(U6)+ISTEXT(U6),1,0)+IF(ISNUMBER(W6)+ISTEXT(W6),1,0))>=6,IF(Z6<>"",1,0)=1),"COMPLETE",IF((IF(ISNUMBER(I6)+ISTEXT(I6),1,0)+IF(ISNUMBER(K6)+ISTEXT(K6),1,0)+IF(ISNUMBER(M6)+ISTEXT(M6),1,0)+IF(ISNUMBER(O6)+ISTEXT(O6),1,0)+IF(ISNUMBER(Q6)+ISTEXT(Q6),1,0)+IF(ISNUMBER(S6)+ISTEXT(S6),1,0)+IF(ISNUMBER(U6)+ISTEXT(U6),1,0)+IF(ISNUMBER(W6)+ISTEXT(W6),1,0))=0,"NOT STARTED","IN PROGRESS")) -> NOT STARTED
A7: (QA 06 — pre-populated by PI) | Y7: =IFERROR((IFERROR(VALUE(I7),0)+IFERROR(VALUE(K7),0)+IFERROR(VALUE(M7),0)+IFERROR(VALUE(O7),0)+IFERROR(VALUE(Q7),0)+IFERROR(VALUE(S7),0)+IFERROR(VALUE(U7),0)+IFERROR(VALUE(W7),0))/(IF(ISNUMBER(I7),1,0)+IF(ISNUMBER(K7),1,0)+IF(ISNUMBER(M7),1,0)+IF(ISNUMBER(O7),1,0)+IF(ISNUMBER(Q7),1,0)+IF(ISNUMBER(S7),1,0)+IF(ISNUMBER(U7),1,0)+IF(ISNUMBER(W7),1,0)),"") | AE7: =IF(AND((IF(ISNUMBER(I7)+ISTEXT(I7),1,0)+IF(ISNUMBER(K7)+ISTEXT(K7),1,0)+IF(ISNUMBER(M7)+ISTEXT(M7),1,0)+IF(ISNUMBER(O7)+ISTEXT(O7),1,0)+IF(ISNUMBER(Q7)+ISTEXT(Q7),1,0)+IF(ISNUMBER(S7)+ISTEXT(S7),1,0)+IF(ISNUMBER(U7)+ISTEXT(U7),1,0)+IF(ISNUMBER(W7)+ISTEXT(W7),1,0))>=6,IF(Z7<>"",1,0)=1),"COMPLETE",IF((IF(ISNUMBER(I7)+ISTEXT(I7),1,0)+IF(ISNUMBER(K7)+ISTEXT(K7),1,0)+IF(ISNUMBER(M7)+ISTEXT(M7),1,0)+IF(ISNUMBER(O7)+ISTEXT(O7),1,0)+IF(ISNUMBER(Q7)+ISTEXT(Q7),1,0)+IF(ISNUMBER(S7)+ISTEXT(S7),1,0)+IF(ISNUMBER(U7)+ISTEXT(U7),1,0)+IF(ISNUMBER(W7)+ISTEXT(W7),1,0))=0,"NOT STARTED","IN PROGRESS")) -> NOT STARTED
A8: (QA 07 — pre-populated by PI) | Y8: =IFERROR((IFERROR(VALUE(I8),0)+IFERROR(VALUE(K8),0)+IFERROR(VALUE(M8),0)+IFERROR(VALUE(O8),0)+IFERROR(VALUE(Q8),0)+IFERROR(VALUE(S8),0)+IFERROR(VALUE(U8),0)+IFERROR(VALUE(W8),0))/(IF(ISNUMBER(I8),1,0)+IF(ISNUMBER(K8),1,0)+IF(ISNUMBER(M8),1,0)+IF(ISNUMBER(O8),1,0)+IF(ISNUMBER(Q8),1,0)+IF(ISNUMBER(S8),1,0)+IF(ISNUMBER(U8),1,0)+IF(ISNUMBER(W8),1,0)),"") | AE8: =IF(AND((IF(ISNUMBER(I8)+ISTEXT(I8),1,0)+IF(ISNUMBER(K8)+ISTEXT(K8),1,0)+IF(ISNUMBER(M8)+ISTEXT(M8),1,0)+IF(ISNUMBER(O8)+ISTEXT(O8),1,0)+IF(ISNUMBER(Q8)+ISTEXT(Q8),1,0)+IF(ISNUMBER(S8)+ISTEXT(S8),1,0)+IF(ISNUMBER(U8)+ISTEXT(U8),1,0)+IF(ISNUMBER(W8)+ISTEXT(W8),1,0))>=6,IF(Z8<>"",1,0)=1),"COMPLETE",IF((IF(ISNUMBER(I8)+ISTEXT(I8),1,0)+IF(ISNUMBER(K8)+ISTEXT(K8),1,0)+IF(ISNUMBER(M8)+ISTEXT(M8),1,0)+IF(ISNUMBER(O8)+ISTEXT(O8),1,0)+IF(ISNUMBER(Q8)+ISTEXT(Q8),1,0)+IF(ISNUMBER(S8)+ISTEXT(S8),1,0)+IF(ISNUMBER(U8)+ISTEXT(U8),1,0)+IF(ISNUMBER(W8)+ISTEXT(W8),1,0))=0,"NOT STARTED","IN PROGRESS")) -> NOT STARTED
A9: (QA 08 — pre-populated by PI) | Y9: =IFERROR((IFERROR(VALUE(I9),0)+IFERROR(VALUE(K9),0)+IFERROR(VALUE(M9),0)+IFERROR(VALUE(O9),0)+IFERROR(VALUE(Q9),0)+IFERROR(VALUE(S9),0)+IFERROR(VALUE(U9),0)+IFERROR(VALUE(W9),0))/(IF(ISNUMBER(I9),1,0)+IF(ISNUMBER(K9),1,0)+IF(ISNUMBER(M9),1,0)+IF(ISNUMBER(O9),1,0)+IF(ISNUMBER(Q9),1,0)+IF(ISNUMBER(S9),1,0)+IF(ISNUMBER(U9),1,0)+IF(ISNUMBER(W9),1,0)),"") | AE9: =IF(AND((IF(ISNUMBER(I9)+ISTEXT(I9),1,0)+IF(ISNUMBER(K9)+ISTEXT(K9),1,0)+IF(ISNUMBER(M9)+ISTEXT(M9),1,0)+IF(ISNUMBER(O9)+ISTEXT(O9),1,0)+IF(ISNUMBER(Q9)+ISTEXT(Q9),1,0)+IF(ISNUMBER(S9)+ISTEXT(S9),1,0)+IF(ISNUMBER(U9)+ISTEXT(U9),1,0)+IF(ISNUMBER(W9)+ISTEXT(W9),1,0))>=6,IF(Z9<>"",1,0)=1),"COMPLETE",IF((IF(ISNUMBER(I9)+ISTEXT(I9),1,0)+IF(ISNUMBER(K9)+ISTEXT(K9),1,0)+IF(ISNUMBER(M9)+ISTEXT(M9),1,0)+IF(ISNUMBER(O9)+ISTEXT(O9),1,0)+IF(ISNUMBER(Q9)+ISTEXT(Q9),1,0)+IF(ISNUMBER(S9)+ISTEXT(S9),1,0)+IF(ISNUMBER(U9)+ISTEXT(U9),1,0)+IF(ISNUMBER(W9)+ISTEXT(W9),1,0))=0,"NOT STARTED","IN PROGRESS")) -> NOT STARTED
A10: (QA 09 — pre-populated by PI) | Y10: =IFERROR((IFERROR(VALUE(I10),0)+IFERROR(VALUE(K10),0)+IFERROR(VALUE(M10),0)+IFERROR(VALUE(O10),0)+IFERROR(VALUE(Q10),0)+IFERROR(VALUE(S10),0)+IFERROR(VALUE(U10),0)+IFERROR(VALUE(W10),0))/(IF(ISNUMBER(I10),1,0)+IF(ISNUMBER(K10),1,0)+IF(ISNUMBER(M10),1,0)+IF(ISNUMBER(O10),1,0)+IF(ISNUMBER(Q10),1,0)+IF(ISNUMBER(S10),1,0)+IF(ISNUMBER(U10),1,0)+IF(ISNUMBER(W10),1,0)),"") | AE10: =IF(AND((IF(ISNUMBER(I10)+ISTEXT(I10),1,0)+IF(ISNUMBER(K10)+ISTEXT(K10),1,0)+IF(ISNUMBER(M10)+ISTEXT(M10),1,0)+IF(ISNUMBER(O10)+ISTEXT(O10),1,0)+IF(ISNUMBER(Q10)+ISTEXT(Q10),1,0)+IF(ISNUMBER(S10)+ISTEXT(S10),1,0)+IF(ISNUMBER(U10)+ISTEXT(U10),1,0)+IF(ISNUMBER(W10)+ISTEXT(W10),1,0))>=6,IF(Z10<>"",1,0)=1),"COMPLETE",IF((IF(ISNUMBER(I10)+ISTEXT(I10),1,0)+IF(ISNUMBER(K10)+ISTEXT(K10),1,0)+IF(ISNUMBER(M10)+ISTEXT(M10),1,0)+IF(ISNUMBER(O10)+ISTEXT(O10),1,0)+IF(ISNUMBER(Q10)+ISTEXT(Q10),1,0)+IF(ISNUMBER(S10)+ISTEXT(S10),1,0)+IF(ISNUMBER(U10)+ISTEXT(U10),1,0)+IF(ISNUMBER(W10)+ISTEXT(W10),1,0))=0,"NOT STARTED","IN PROGRESS")) -> NOT STARTED
A11: (QA 10 — pre-populated by PI) | Y11: =IFERROR((IFERROR(VALUE(I11),0)+IFERROR(VALUE(K11),0)+IFERROR(VALUE(M11),0)+IFERROR(VALUE(O11),0)+IFERROR(VALUE(Q11),0)+IFERROR(VALUE(S11),0)+IFERROR(VALUE(U11),0)+IFERROR(VALUE(W11),0))/(IF(ISNUMBER(I11),1,0)+IF(ISNUMBER(K11),1,0)+IF(ISNUMBER(M11),1,0)+IF(ISNUMBER(O11),1,0)+IF(ISNUMBER(Q11),1,0)+IF(ISNUMBER(S11),1,0)+IF(ISNUMBER(U11),1,0)+IF(ISNUMBER(W11),1,0)),"") | AE11: =IF(AND((IF(ISNUMBER(I11)+ISTEXT(I11),1,0)+IF(ISNUMBER(K11)+ISTEXT(K11),1,0)+IF(ISNUMBER(M11)+ISTEXT(M11),1,0)+IF(ISNUMBER(O11)+ISTEXT(O11),1,0)+IF(ISNUMBER(Q11)+ISTEXT(Q11),1,0)+IF(ISNUMBER(S11)+ISTEXT(S11),1,0)+IF(ISNUMBER(U11)+ISTEXT(U11),1,0)+IF(ISNUMBER(W11)+ISTEXT(W11),1,0))>=6,IF(Z11<>"",1,0)=1),"COMPLETE",IF((IF(ISNUMBER(I11)+ISTEXT(I11),1,0)+IF(ISNUMBER(K11)+ISTEXT(K11),1,0)+IF(ISNUMBER(M11)+ISTEXT(M11),1,0)+IF(ISNUMBER(O11)+ISTEXT(O11),1,0)+IF(ISNUMBER(Q11)+ISTEXT(Q11),1,0)+IF(ISNUMBER(S11)+ISTEXT(S11),1,0)+IF(ISNUMBER(U11)+ISTEXT(U11),1,0)+IF(ISNUMBER(W11)+ISTEXT(W11),1,0))=0,"NOT STARTED","IN PROGRESS")) -> NOT STARTED
A12: (QA 11 — pre-populated by PI) | Y12: =IFERROR((IFERROR(VALUE(I12),0)+IFERROR(VALUE(K12),0)+IFERROR(VALUE(M12),0)+IFERROR(VALUE(O12),0)+IFERROR(VALUE(Q12),0)+IFERROR(VALUE(S12),0)+IFERROR(VALUE(U12),0)+IFERROR(VALUE(W12),0))/(IF(ISNUMBER(I12),1,0)+IF(ISNUMBER(K12),1,0)+IF(ISNUMBER(M12),1,0)+IF(ISNUMBER(O12),1,0)+IF(ISNUMBER(Q12),1,0)+IF(ISNUMBER(S12),1,0)+IF(ISNUMBER(U12),1,0)+IF(ISNUMBER(W12),1,0)),"") | AE12: =IF(AND((IF(ISNUMBER(I12)+ISTEXT(I12),1,0)+IF(ISNUMBER(K12)+ISTEXT(K12),1,0)+IF(ISNUMBER(M12)+ISTEXT(M12),1,0)+IF(ISNUMBER(O12)+ISTEXT(O12),1,0)+IF(ISNUMBER(Q12)+ISTEXT(Q12),1,0)+IF(ISNUMBER(S12)+ISTEXT(S12),1,0)+IF(ISNUMBER(U12)+ISTEXT(U12),1,0)+IF(ISNUMBER(W12)+ISTEXT(W12),1,0))>=6,IF(Z12<>"",1,0)=1),"COMPLETE",IF((IF(ISNUMBER(I12)+ISTEXT(I12),1,0)+IF(ISNUMBER(K12)+ISTEXT(K12),1,0)+IF(ISNUMBER(M12)+ISTEXT(M12),1,0)+IF(ISNUMBER(O12)+ISTEXT(O12),1,0)+IF(ISNUMBER(Q12)+ISTEXT(Q12),1,0)+IF(ISNUMBER(S12)+ISTEXT(S12),1,0)+IF(ISNUMBER(U12)+ISTEXT(U12),1,0)+IF(ISNUMBER(W12)+ISTEXT(W12),1,0))=0,"NOT STARTED","IN PROGRESS")) -> NOT STARTED
A13: (QA 12 — pre-populated by PI) | Y13: =IFERROR((IFERROR(VALUE(I13),0)+IFERROR(VALUE(K13),0)+IFERROR(VALUE(M13),0)+IFERROR(VALUE(O13),0)+IFERROR(VALUE(Q13),0)+IFERROR(VALUE(S13),0)+IFERROR(VALUE(U13),0)+IFERROR(VALUE(W13),0))/(IF(ISNUMBER(I13),1,0)+IF(ISNUMBER(K13),1,0)+IF(ISNUMBER(M13),1,0)+IF(ISNUMBER(O13),1,0)+IF(ISNUMBER(Q13),1,0)+IF(ISNUMBER(S13),1,0)+IF(ISNUMBER(U13),1,0)+IF(ISNUMBER(W13),1,0)),"") | AE13: =IF(AND((IF(ISNUMBER(I13)+ISTEXT(I13),1,0)+IF(ISNUMBER(K13)+ISTEXT(K13),1,0)+IF(ISNUMBER(M13)+ISTEXT(M13),1,0)+IF(ISNUMBER(O13)+ISTEXT(O13),1,0)+IF(ISNUMBER(Q13)+ISTEXT(Q13),1,0)+IF(ISNUMBER(S13)+ISTEXT(S13),1,0)+IF(ISNUMBER(U13)+ISTEXT(U13),1,0)+IF(ISNUMBER(W13)+ISTEXT(W13),1,0))>=6,IF(Z13<>"",1,0)=1),"COMPLETE",IF((IF(ISNUMBER(I13)+ISTEXT(I13),1,0)+IF(ISNUMBER(K13)+ISTEXT(K13),1,0)+IF(ISNUMBER(M13)+ISTEXT(M13),1,0)+IF(ISNUMBER(O13)+ISTEXT(O13),1,0)+IF(ISNUMBER(Q13)+ISTEXT(Q13),1,0)+IF(ISNUMBER(S13)+ISTEXT(S13),1,0)+IF(ISNUMBER(U13)+ISTEXT(U13),1,0)+IF(ISNUMBER(W13)+ISTEXT(W13),1,0))=0,"NOT STARTED","IN PROGRESS")) -> NOT STARTED
A14: (QA 13 — pre-populated by PI) | Y14: =IFERROR((IFERROR(VALUE(I14),0)+IFERROR(VALUE(K14),0)+IFERROR(VALUE(M14),0)+IFERROR(VALUE(O14),0)+IFERROR(VALUE(Q14),0)+IFERROR(VALUE(S14),0)+IFERROR(VALUE(U14),0)+IFERROR(VALUE(W14),0))/(IF(ISNUMBER(I14),1,0)+IF(ISNUMBER(K14),1,0)+IF(ISNUMBER(M14),1,0)+IF(ISNUMBER(O14),1,0)+IF(ISNUMBER(Q14),1,0)+IF(ISNUMBER(S14),1,0)+IF(ISNUMBER(U14),1,0)+IF(ISNUMBER(W14),1,0)),"") | AE14: =IF(AND((IF(ISNUMBER(I14)+ISTEXT(I14),1,0)+IF(ISNUMBER(K14)+ISTEXT(K14),1,0)+IF(ISNUMBER(M14)+ISTEXT(M14),1,0)+IF(ISNUMBER(O14)+ISTEXT(O14),1,0)+IF(ISNUMBER(Q14)+ISTEXT(Q14),1,0)+IF(ISNUMBER(S14)+ISTEXT(S14),1,0)+IF(ISNUMBER(U14)+ISTEXT(U14),1,0)+IF(ISNUMBER(W14)+ISTEXT(W14),1,0))>=6,IF(Z14<>"",1,0)=1),"COMPLETE",IF((IF(ISNUMBER(I14)+ISTEXT(I14),1,0)+IF(ISNUMBER(K14)+ISTEXT(K14),1,0)+IF(ISNUMBER(M14)+ISTEXT(M14),1,0)+IF(ISNUMBER(O14)+ISTEXT(O14),1,0)+IF(ISNUMBER(Q14)+ISTEXT(Q14),1,0)+IF(ISNUMBER(S14)+ISTEXT(S14),1,0)+IF(ISNUMBER(U14)+ISTEXT(U14),1,0)+IF(ISNUMBER(W14)+ISTEXT(W14),1,0))=0,"NOT STARTED","IN PROGRESS")) -> NOT STARTED
A15: (QA 14 — pre-populated by PI) | Y15: =IFERROR((IFERROR(VALUE(I15),0)+IFERROR(VALUE(K15),0)+IFERROR(VALUE(M15),0)+IFERROR(VALUE(O15),0)+IFERROR(VALUE(Q15),0)+IFERROR(VALUE(S15),0)+IFERROR(VALUE(U15),0)+IFERROR(VALUE(W15),0))/(IF(ISNUMBER(I15),1,0)+IF(ISNUMBER(K15),1,0)+IF(ISNUMBER(M15),1,0)+IF(ISNUMBER(O15),1,0)+IF(ISNUMBER(Q15),1,0)+IF(ISNUMBER(S15),1,0)+IF(ISNUMBER(U15),1,0)+IF(ISNUMBER(W15),1,0)),"") | AE15: =IF(AND((IF(ISNUMBER(I15)+ISTEXT(I15),1,0)+IF(ISNUMBER(K15)+ISTEXT(K15),1,0)+IF(ISNUMBER(M15)+ISTEXT(M15),1,0)+IF(ISNUMBER(O15)+ISTEXT(O15),1,0)+IF(ISNUMBER(Q15)+ISTEXT(Q15),1,0)+IF(ISNUMBER(S15)+ISTEXT(S15),1,0)+IF(ISNUMBER(U15)+ISTEXT(U15),1,0)+IF(ISNUMBER(W15)+ISTEXT(W15),1,0))>=6,IF(Z15<>"",1,0)=1),"COMPLETE",IF((IF(ISNUMBER(I15)+ISTEXT(I15),1,0)+IF(ISNUMBER(K15)+ISTEXT(K15),1,0)+IF(ISNUMBER(M15)+ISTEXT(M15),1,0)+IF(ISNUMBER(O15)+ISTEXT(O15),1,0)+IF(ISNUMBER(Q15)+ISTEXT(Q15),1,0)+IF(ISNUMBER(S15)+ISTEXT(S15),1,0)+IF(ISNUMBER(U15)+ISTEXT(U15),1,0)+IF(ISNUMBER(W15)+ISTEXT(W15),1,0))=0,"NOT STARTED","IN PROGRESS")) -> NOT STARTED
A16: (QA 15 — pre-populated by PI) | Y16: =IFERROR((IFERROR(VALUE(I16),0)+IFERROR(VALUE(K16),0)+IFERROR(VALUE(M16),0)+IFERROR(VALUE(O16),0)+IFERROR(VALUE(Q16),0)+IFERROR(VALUE(S16),0)+IFERROR(VALUE(U16),0)+IFERROR(VALUE(W16),0))/(IF(ISNUMBER(I16),1,0)+IF(ISNUMBER(K16),1,0)+IF(ISNUMBER(M16),1,0)+IF(ISNUMBER(O16),1,0)+IF(ISNUMBER(Q16),1,0)+IF(ISNUMBER(S16),1,0)+IF(ISNUMBER(U16),1,0)+IF(ISNUMBER(W16),1,0)),"") | AE16: =IF(AND((IF(ISNUMBER(I16)+ISTEXT(I16),1,0)+IF(ISNUMBER(K16)+ISTEXT(K16),1,0)+IF(ISNUMBER(M16)+ISTEXT(M16),1,0)+IF(ISNUMBER(O16)+ISTEXT(O16),1,0)+IF(ISNUMBER(Q16)+ISTEXT(Q16),1,0)+IF(ISNUMBER(S16)+ISTEXT(S16),1,0)+IF(ISNUMBER(U16)+ISTEXT(U16),1,0)+IF(ISNUMBER(W16)+ISTEXT(W16),1,0))>=6,IF(Z16<>"",1,0)=1),"COMPLETE",IF((IF(ISNUMBER(I16)+ISTEXT(I16),1,0)+IF(ISNUMBER(K16)+ISTEXT(K16),1,0)+IF(ISNUMBER(M16)+ISTEXT(M16),1,0)+IF(ISNUMBER(O16)+ISTEXT(O16),1,0)+IF(ISNUMBER(Q16)+ISTEXT(Q16),1,0)+IF(ISNUMBER(S16)+ISTEXT(S16),1,0)+IF(ISNUMBER(U16)+ISTEXT(U16),1,0)+IF(ISNUMBER(W16)+ISTEXT(W16),1,0))=0,"NOT STARTED","IN PROGRESS")) -> NOT STARTED
... A31: (QA 30 — pre-populated by PI) | Y31: =IFERROR((IFERROR(VALUE(I31),0)+IFERROR(VALUE(K31),0)+IFERROR(VALUE(M31),0)+IFERROR(VALUE(O31),0)+IFERROR(VALUE(Q31),0)+IFERROR(VALUE(S31),0)+IFERROR(VALUE(U31),0)+IFERROR(VALUE(W31),0))/(IF(ISNUMBER(I31),1,0)+IF(ISNUMBER(K31),1,0)+IF(ISNUMBER(M31),1,0)+IF(ISNUMBER(O31),1,0)+IF(ISNUMBER(Q31),1,0)+IF(ISNUMBER(S31),1,0)+IF(ISNUMBER(U31),1,0)+IF(ISNUMBER(W31),1,0)),"") | AE31: =IF(AND((IF(ISNUMBER(I31)+ISTEXT(I31),1,0)+IF(ISNUMBER(K31)+ISTEXT(K31),1,0)+IF(ISNUMBER(M31)+ISTEXT(M31),1,0)+IF(ISNUMBER(O31)+ISTEXT(O31),1,0)+IF(ISNUMBER(Q31)+ISTEXT(Q31),1,0)+IF(ISNUMBER(S31)+ISTEXT(S31),1,0)+IF(ISNUMBER(U31)+ISTEXT(U31),1,0)+IF(ISNUMBER(W31)+ISTEXT(W31),1,0))>=6,IF(Z31<>"",1,0)=1),"COMPLETE",IF((IF(ISNUMBER(I31)+ISTEXT(I31),1,0)+IF(ISNUMBER(K31)+ISTEXT(K31),1,0)+IF(ISNUMBER(M31)+ISTEXT(M31),1,0)+IF(ISNUMBER(O31)+ISTEXT(O31),1,0)+IF(ISNUMBER(Q31)+ISTEXT(Q31),1,0)+IF(ISNUMBER(S31)+ISTEXT(S31),1,0)+IF(ISNUMBER(U31)+ISTEXT(U31),1,0)+IF(ISNUMBER(W31)+ISTEXT(W31),1,0))=0,"NOT STARTED","IN PROGRESS")) -> NOT STARTED

Sheet Progress
A1: Your scoring progress
A3: Total QAs assigned | B3: =COUNTA(Scoring!A2:A31) -> 30
A4: Calibration QAs complete | B4: =COUNTIF(Scoring!AE2:AE4,"COMPLETE") -> 0
A5: Production QAs complete | B5: =COUNTIF(Scoring!AE5:AE31,"COMPLETE") -> 0
A6: Total complete | B6: =COUNTIF(Scoring!AE2:AE31,"COMPLETE") -> 0
A7: Total in progress | B7: =COUNTIF(Scoring!AE2:AE31,"IN PROGRESS") -> 0
A8: Total not started | B8: =COUNTIF(Scoring!AE2:AE31,"NOT STARTED") -> 30
A9: Percent complete | B9: =IFERROR(B6/B3,0) -> 0
A10: Mean score across completed QAs | B10: =IFERROR(AVERAGEIF(Scoring!AE2:AE31,"COMPLETE",Scoring!Y2:Y31),"")
A11: Mean time per QA (min) | B11: =IFERROR(AVERAGEIF(Scoring!AE2:AE31,"COMPLETE",Scoring!AD2:AD31),"")
A12: Number of QAs flagged for discussion | B12: =COUNTIF(Scoring!AC2:AC31,"Y") -> 0

Sheet Flags
A1: QAs flagged for group discussion
A3: QA_ID | B3: Discipline | C3: Question (truncated) | D3: Your overall comment
A4: =IF(Scoring!AC2="Y",Scoring!A2,"") | B4: =IF(Scoring!AC2="Y",Scoring!B2,"") | C4: =IF(Scoring!AC2="Y",LEFT(Scoring!E2,200),"") | D4: =IF(Scoring!AC2="Y",Scoring!Z2,"")
A5: =IF(Scoring!AC3="Y",Scoring!A3,"") | B5: =IF(Scoring!AC3="Y",Scoring!B3,"") | C5: =IF(Scoring!AC3="Y",LEFT(Scoring!E3,200),"") | D5: =IF(Scoring!AC3="Y",Scoring!Z3,"")
A6: =IF(Scoring!AC4="Y",Scoring!A4,"") | B6: =IF(Scoring!AC4="Y",Scoring!B4,"") | C6: =IF(Scoring!AC4="Y",LEFT(Scoring!E4,200),"") | D6: =IF(Scoring!AC4="Y",Scoring!Z4,"")
A7: =IF(Scoring!AC5="Y",Scoring!A5,"") | B7: =IF(Scoring!AC5="Y",Scoring!B5,"") | C7: =IF(Scoring!AC5="Y",LEFT(Scoring!E5,200),"") | D7: =IF(Scoring!AC5="Y",Scoring!Z5,"")
A8: =IF(Scoring!AC6="Y",Scoring!A6,"") | B8: =IF(Scoring!AC6="Y",Scoring!B6,"") | C8: =IF(Scoring!AC6="Y",LEFT(Scoring!E6,200),"") | D8: =IF(Scoring!AC6="Y",Scoring!Z6,"")
A9: =IF(Scoring!AC7="Y",Scoring!A7,"") | B9: =IF(Scoring!AC7="Y",Scoring!B7,"") | C9: =IF(Scoring!AC7="Y",LEFT(Scoring!E7,200),"") | D9: =IF(Scoring!AC7="Y",Scoring!Z7,"")
A10: =IF(Scoring!AC8="Y",Scoring!A8,"") | B10: =IF(Scoring!AC8="Y",Scoring!B8,"") | C10: =IF(Scoring!AC8="Y",LEFT(Scoring!E8,200),"") | D10: =IF(Scoring!AC8="Y",Scoring!Z8,"")
A11: =IF(Scoring!AC9="Y",Scoring!A9,"") | B11: =IF(Scoring!AC9="Y",Scoring!B9,"") | C11: =IF(Scoring!AC9="Y",LEFT(Scoring!E9,200),"") | D11: =IF(Scoring!AC9="Y",Scoring!Z9,"")
A12: =IF(Scoring!AC10="Y",Scoring!A10,"") | B12: =IF(Scoring!AC10="Y",Scoring!B10,"") | C12: =IF(Scoring!AC10="Y",LEFT(Scoring!E10,200),"") | D12: =IF(Scoring!AC10="Y",Scoring!Z10,"")
A13: =IF(Scoring!AC11="Y",Scoring!A11,"") | B13: =IF(Scoring!AC11="Y",Scoring!B11,"") | C13: =IF(Scoring!AC11="Y",LEFT(Scoring!E11,200),"") | D13: =IF(Scoring!AC11="Y",Scoring!Z11,"")
A14: =IF(Scoring!AC12="Y",Scoring!A12,"") | B14: =IF(Scoring!AC12="Y",Scoring!B12,"") | C14: =IF(Scoring!AC12="Y",LEFT(Scoring!E12,200),"") | D14: =IF(Scoring!AC12="Y",Scoring!Z12,"")
A15: =IF(Scoring!AC13="Y",Scoring!A13,"") | B15: =IF(Scoring!AC13="Y",Scoring!B13,"") | C15: =IF(Scoring!AC13="Y",LEFT(Scoring!E13,200),"") | D15: =IF(Scoring!AC13="Y",Scoring!Z13,"")
... A33: =IF(Scoring!AC31="Y",Scoring!A31,"") | B33: =IF(Scoring!AC31="Y",Scoring!B31,"") | C33: =IF(Scoring!AC31="Y",LEFT(Scoring!E31,200),"") | D33: =IF(Scoring!AC31="Y",Scoring!Z31,"")
